scenario_id,category,title,preconditions,action,expected,actual,result,error,severity,root_cause,fix,regression_test
agent.intent.malformed.1,agent.intent.malformed,"invariant check","","","","{""invariant"":true}",pass,"",P3,"","",""
agent.intent.malformed.2,agent.intent.malformed,"invariant check","","","","{""invariant"":true}",pass,"",P3,"","",""
agent.intent.malformed.3,agent.intent.malformed,"invariant check","","","","{""invariant"":true}",pass,"",P3,"","",""
agent.intent.malformed.4,agent.intent.malformed,"invariant check","","","","{""invariant"":true}",pass,"",P3,"","",""
agent.intent.malformed.5,agent.intent.malformed,"invariant check","","","","{""invariant"":true}",pass,"",P3,"","",""
agent.intent.malformed.6,agent.intent.malformed,"invariant check","","","","{""invariant"":true}",pass,"",P3,"","",""
agent.intent.malformed.7,agent.intent.malformed,"invariant check","","","","{""invariant"":true}",pass,"",P3,"","",""
agent.intent.malformed.8,agent.intent.malformed,"invariant check","","","","{""invariant"":true}",pass,"",P3,"","",""
agent.intent.malformed.9,agent.intent.malformed,"invariant check","","","","{""invariant"":true}",pass,"",P3,"","",""
agent.intent.malformed.10,agent.intent.malformed,"invariant check","","","","{""invariant"":true}",pass,"",P3,"","",""
agent.intent.malformed.11,agent.intent.malformed,"invariant check","","","","{""invariant"":true}",pass,"",P3,"","",""
agent.intent.malformed.12,agent.intent.malformed,"invariant check","","","","{""invariant"":true}",pass,"",P3,"","",""
agent.intent.malformed.13,agent.intent.malformed,"invariant check","","","","{""invariant"":true}",pass,"",P3,"","",""
agent.intent.malformed.14,agent.intent.malformed,"invariant check","","","","{""invariant"":true}",pass,"",P3,"","",""
agent.intent.malformed.15,agent.intent.malformed,"invariant check","","","","{""invariant"":true}",pass,"",P3,"","",""
agent.intent.malformed.16,agent.intent.malformed,"invariant check","","","","{""invariant"":true}",pass,"",P3,"","",""
agent.intent.malformed.17,agent.intent.malformed,"invariant check","","","","{""invariant"":true}",pass,"",P3,"","",""
agent.intent.malformed.18,agent.intent.malformed,"invariant check","","","","{""invariant"":true}",pass,"",P3,"","",""
agent.intent.malformed.19,agent.intent.malformed,"invariant check","","","","{""invariant"":true}",pass,"",P3,"","",""
agent.intent.malformed.20,agent.intent.malformed,"invariant check","","","","{""invariant"":true}",pass,"",P3,"","",""
agent.intent.malformed.21,agent.intent.malformed,"invariant check","","","","{""invariant"":true}",pass,"",P3,"","",""
agent.intent.malformed.22,agent.intent.malformed,"invariant check","","","","{""invariant"":true}",pass,"",P3,"","",""
agent.intent.malformed.23,agent.intent.malformed,"invariant check","","","","{""invariant"":true}",pass,"",P3,"","",""
agent.intent.malformed.24,agent.intent.malformed,"invariant check","","","","{""invariant"":true}",pass,"",P3,"","",""
agent.intent.malformed.25,agent.intent.malformed,"invariant check","","","","{""invariant"":true}",pass,"",P3,"","",""
agent.intent.malformed.26,agent.intent.malformed,"invariant check","","","","{""invariant"":true}",pass,"",P3,"","",""
agent.intent.malformed.27,agent.intent.malformed,"invariant check","","","","{""invariant"":true}",pass,"",P3,"","",""
agent.intent.malformed.28,agent.intent.malformed,"invariant check","","","","{""invariant"":true}",pass,"",P3,"","",""
agent.intent.malformed.29,agent.intent.malformed,"invariant check","","","","{""invariant"":true}",pass,"",P3,"","",""
agent.intent.malformed.30,agent.intent.malformed,"invariant check","","","","{""invariant"":true}",pass,"",P3,"","",""
agent.intent.malformed.31,agent.intent.malformed,"invariant check","","","","{""invariant"":true}",pass,"",P3,"","",""
agent.intent.malformed.32,agent.intent.malformed,"invariant check","","","","{""invariant"":true}",pass,"",P3,"","",""
agent.intent.malformed.33,agent.intent.malformed,"invariant check","","","","{""invariant"":true}",pass,"",P3,"","",""
agent.intent.malformed.34,agent.intent.malformed,"invariant check","","","","{""invariant"":true}",pass,"",P3,"","",""
agent.intent.malformed.35,agent.intent.malformed,"invariant check","","","","{""invariant"":true}",pass,"",P3,"","",""
agent.intent.malformed.36,agent.intent.malformed,"invariant check","","","","{""invariant"":true}",pass,"",P3,"","",""
agent.intent.malformed.37,agent.intent.malformed,"invariant check","","","","{""invariant"":true}",pass,"",P3,"","",""
agent.intent.malformed.38,agent.intent.malformed,"invariant check","","","","{""invariant"":true}",pass,"",P3,"","",""
agent.intent.malformed.39,agent.intent.malformed,"invariant check","","","","{""invariant"":true}",pass,"",P3,"","",""
agent.intent.malformed.40,agent.intent.malformed,"invariant check","","","","{""invariant"":true}",pass,"",P3,"","",""
agent.intent.malformed.41,agent.intent.malformed,"invariant check","","","","{""invariant"":true}",pass,"",P3,"","",""
agent.intent.malformed.42,agent.intent.malformed,"invariant check","","","","{""invariant"":true}",pass,"",P3,"","",""
agent.intent.malformed.43,agent.intent.malformed,"invariant check","","","","{""invariant"":true}",pass,"",P3,"","",""
agent.intent.malformed.44,agent.intent.malformed,"invariant check","","","","{""invariant"":true}",pass,"",P3,"","",""
agent.intent.malformed.45,agent.intent.malformed,"invariant check","","","","{""invariant"":true}",pass,"",P3,"","",""
agent.intent.malformed.46,agent.intent.malformed,"invariant check","","","","{""invariant"":true}",pass,"",P3,"","",""
agent.intent.malformed.47,agent.intent.malformed,"invariant check","","","","{""invariant"":true}",pass,"",P3,"","",""
agent.intent.malformed.48,agent.intent.malformed,"invariant check","","","","{""invariant"":true}",pass,"",P3,"","",""
agent.intent.malformed.49,agent.intent.malformed,"invariant check","","","","{""invariant"":true}",pass,"",P3,"","",""
agent.intent.malformed.50,agent.intent.malformed,"invariant check","","","","{""invariant"":true}",pass,"",P3,"","",""
agent.intent.malformed.51,agent.intent.malformed,"invariant check","","","","{""invariant"":true}",pass,"",P3,"","",""
agent.intent.malformed.52,agent.intent.malformed,"invariant check","","","","{""invariant"":true}",pass,"",P3,"","",""
agent.intent.malformed.53,agent.intent.malformed,"invariant check","","","","{""invariant"":true}",pass,"",P3,"","",""
agent.intent.malformed.54,agent.intent.malformed,"invariant check","","","","{""invariant"":true}",pass,"",P3,"","",""
agent.intent.malformed.55,agent.intent.malformed,"invariant check","","","","{""invariant"":true}",pass,"",P3,"","",""
agent.intent.malformed.56,agent.intent.malformed,"invariant check","","","","{""invariant"":true}",pass,"",P3,"","",""
agent.intent.malformed.57,agent.intent.malformed,"invariant check","","","","{""invariant"":true}",pass,"",P3,"","",""
agent.intent.malformed.58,agent.intent.malformed,"invariant check","","","","{""invariant"":true}",pass,"",P3,"","",""
agent.intent.malformed.59,agent.intent.malformed,"invariant check","","","","{""invariant"":true}",pass,"",P3,"","",""
agent.intent.malformed.60,agent.intent.malformed,"invariant check","","","","{""invariant"":true}",pass,"",P3,"","",""
agent.intent.malformed.61,agent.intent.malformed,"invariant check","","","","{""invariant"":true}",pass,"",P3,"","",""
agent.intent.malformed.62,agent.intent.malformed,"invariant check","","","","{""invariant"":true}",pass,"",P3,"","",""
agent.intent.malformed.63,agent.intent.malformed,"invariant check","","","","{""invariant"":true}",pass,"",P3,"","",""
agent.intent.malformed.64,agent.intent.malformed,"invariant check","","","","{""invariant"":true}",pass,"",P3,"","",""
agent.intent.malformed.65,agent.intent.malformed,"invariant check","","","","{""invariant"":true}",pass,"",P3,"","",""
agent.intent.malformed.66,agent.intent.malformed,"invariant check","","","","{""invariant"":true}",pass,"",P3,"","",""
agent.intent.malformed.67,agent.intent.malformed,"invariant check","","","","{""invariant"":true}",pass,"",P3,"","",""
agent.intent.malformed.68,agent.intent.malformed,"invariant check","","","","{""invariant"":true}",pass,"",P3,"","",""
agent.intent.malformed.69,agent.intent.malformed,"invariant check","","","","{""invariant"":true}",pass,"",P3,"","",""
agent.intent.malformed.70,agent.intent.malformed,"invariant check","","","","{""invariant"":true}",pass,"",P3,"","",""
agent.intent.malformed.71,agent.intent.malformed,"invariant check","","","","{""invariant"":true}",pass,"",P3,"","",""
agent.intent.malformed.72,agent.intent.malformed,"invariant check","","","","{""invariant"":true}",pass,"",P3,"","",""
agent.intent.malformed.73,agent.intent.malformed,"invariant check","","","","{""invariant"":true}",pass,"",P3,"","",""
agent.intent.malformed.74,agent.intent.malformed,"invariant check","","","","{""invariant"":true}",pass,"",P3,"","",""
agent.intent.malformed.75,agent.intent.malformed,"invariant check","","","","{""invariant"":true}",pass,"",P3,"","",""
agent.intent.malformed.76,agent.intent.malformed,"invariant check","","","","{""invariant"":true}",pass,"",P3,"","",""
agent.intent.malformed.77,agent.intent.malformed,"invariant check","","","","{""invariant"":true}",pass,"",P3,"","",""
agent.intent.malformed.78,agent.intent.malformed,"invariant check","","","","{""invariant"":true}",pass,"",P3,"","",""
agent.intent.malformed.79,agent.intent.malformed,"invariant check","","","","{""invariant"":true}",pass,"",P3,"","",""
agent.intent.malformed.80,agent.intent.malformed,"invariant check","","","","{""invariant"":true}",pass,"",P3,"","",""
agent.intent.malformed.81,agent.intent.malformed,"invariant check","","","","{""invariant"":true}",pass,"",P3,"","",""
agent.intent.malformed.82,agent.intent.malformed,"invariant check","","","","{""invariant"":true}",pass,"",P3,"","",""
agent.intent.malformed.83,agent.intent.malformed,"invariant check","","","","{""invariant"":true}",pass,"",P3,"","",""
agent.intent.malformed.84,agent.intent.malformed,"invariant check","","","","{""invariant"":true}",pass,"",P3,"","",""
agent.intent.malformed.85,agent.intent.malformed,"invariant check","","","","{""invariant"":true}",pass,"",P3,"","",""
agent.intent.malformed.86,agent.intent.malformed,"invariant check","","","","{""invariant"":true}",pass,"",P3,"","",""
agent.intent.malformed.87,agent.intent.malformed,"invariant check","","","","{""invariant"":true}",pass,"",P3,"","",""
agent.intent.malformed.88,agent.intent.malformed,"invariant check","","","","{""invariant"":true}",pass,"",P3,"","",""
agent.intent.malformed.89,agent.intent.malformed,"invariant check","","","","{""invariant"":true}",pass,"",P3,"","",""
agent.intent.malformed.90,agent.intent.malformed,"invariant check","","","","{""invariant"":true}",pass,"",P3,"","",""
agent.intent.malformed.91,agent.intent.malformed,"invariant check","","","","{""invariant"":true}",pass,"",P3,"","",""
agent.intent.malformed.92,agent.intent.malformed,"invariant check","","","","{""invariant"":true}",pass,"",P3,"","",""
agent.intent.malformed.93,agent.intent.malformed,"invariant check","","","","{""invariant"":true}",pass,"",P3,"","",""
agent.intent.malformed.94,agent.intent.malformed,"invariant check","","","","{""invariant"":true}",pass,"",P3,"","",""
agent.intent.malformed.95,agent.intent.malformed,"invariant check","","","","{""invariant"":true}",pass,"",P3,"","",""
agent.intent.malformed.96,agent.intent.malformed,"invariant check","","","","{""invariant"":true}",pass,"",P3,"","",""
agent.intent.malformed.97,agent.intent.malformed,"invariant check","","","","{""invariant"":true}",pass,"",P3,"","",""
agent.intent.malformed.98,agent.intent.malformed,"invariant check","","","","{""invariant"":true}",pass,"",P3,"","",""
agent.intent.malformed.99,agent.intent.malformed,"invariant check","","","","{""invariant"":true}",pass,"",P3,"","",""
agent.intent.malformed.100,agent.intent.malformed,"invariant check","","","","{""invariant"":true}",pass,"",P3,"","",""
agent.intent.malformed.101,agent.intent.malformed,"invariant check","","","","{""invariant"":true}",pass,"",P3,"","",""
agent.intent.malformed.102,agent.intent.malformed,"invariant check","","","","{""invariant"":true}",pass,"",P3,"","",""
agent.intent.malformed.103,agent.intent.malformed,"invariant check","","","","{""invariant"":true}",pass,"",P3,"","",""
agent.intent.malformed.104,agent.intent.malformed,"invariant check","","","","{""invariant"":true}",pass,"",P3,"","",""
agent.intent.malformed.105,agent.intent.malformed,"invariant check","","","","{""invariant"":true}",pass,"",P3,"","",""
agent.intent.malformed.106,agent.intent.malformed,"invariant check","","","","{""invariant"":true}",pass,"",P3,"","",""
agent.intent.malformed.107,agent.intent.malformed,"invariant check","","","","{""invariant"":true}",pass,"",P3,"","",""
agent.intent.malformed.108,agent.intent.malformed,"invariant check","","","","{""invariant"":true}",pass,"",P3,"","",""
agent.intent.malformed.109,agent.intent.malformed,"invariant check","","","","{""invariant"":true}",pass,"",P3,"","",""
agent.intent.malformed.110,agent.intent.malformed,"invariant check","","","","{""invariant"":true}",pass,"",P3,"","",""
agent.intent.malformed.111,agent.intent.malformed,"invariant check","","","","{""invariant"":true}",pass,"",P3,"","",""
agent.intent.malformed.112,agent.intent.malformed,"invariant check","","","","{""invariant"":true}",pass,"",P3,"","",""
agent.intent.malformed.113,agent.intent.malformed,"invariant check","","","","{""invariant"":true}",pass,"",P3,"","",""
agent.intent.malformed.114,agent.intent.malformed,"invariant check","","","","{""invariant"":true}",pass,"",P3,"","",""
agent.intent.malformed.115,agent.intent.malformed,"invariant check","","","","{""invariant"":true}",pass,"",P3,"","",""
agent.intent.malformed.116,agent.intent.malformed,"invariant check","","","","{""invariant"":true}",pass,"",P3,"","",""
agent.intent.malformed.117,agent.intent.malformed,"invariant check","","","","{""invariant"":true}",pass,"",P3,"","",""
agent.intent.malformed.118,agent.intent.malformed,"invariant check","","","","{""invariant"":true}",pass,"",P3,"","",""
agent.intent.malformed.119,agent.intent.malformed,"invariant check","","","","{""invariant"":true}",pass,"",P3,"","",""
agent.intent.malformed.120,agent.intent.malformed,"invariant check","","","","{""invariant"":true}",pass,"",P3,"","",""
agent.intent.malformed.121,agent.intent.malformed,"invariant check","","","","{""invariant"":true}",pass,"",P3,"","",""
agent.intent.malformed.122,agent.intent.malformed,"invariant check","","","","{""invariant"":true}",pass,"",P3,"","",""
agent.intent.malformed.123,agent.intent.malformed,"invariant check","","","","{""invariant"":true}",pass,"",P3,"","",""
agent.intent.malformed.124,agent.intent.malformed,"invariant check","","","","{""invariant"":true}",pass,"",P3,"","",""
agent.intent.malformed.125,agent.intent.malformed,"invariant check","","","","{""invariant"":true}",pass,"",P3,"","",""
agent.intent.malformed.126,agent.intent.malformed,"invariant check","","","","{""invariant"":true}",pass,"",P3,"","",""
agent.intent.malformed.127,agent.intent.malformed,"invariant check","","","","{""invariant"":true}",pass,"",P3,"","",""
agent.intent.malformed.128,agent.intent.malformed,"invariant check","","","","{""invariant"":true}",pass,"",P3,"","",""
agent.intent.malformed.129,agent.intent.malformed,"invariant check","","","","{""invariant"":true}",pass,"",P3,"","",""
agent.intent.malformed.130,agent.intent.malformed,"invariant check","","","","{""invariant"":true}",pass,"",P3,"","",""
agent.intent.malformed.131,agent.intent.malformed,"invariant check","","","","{""invariant"":true}",pass,"",P3,"","",""
agent.intent.malformed.132,agent.intent.malformed,"invariant check","","","","{""invariant"":true}",pass,"",P3,"","",""
agent.intent.malformed.133,agent.intent.malformed,"invariant check","","","","{""invariant"":true}",pass,"",P3,"","",""
agent.intent.malformed.134,agent.intent.malformed,"invariant check","","","","{""invariant"":true}",pass,"",P3,"","",""
agent.intent.malformed.135,agent.intent.malformed,"invariant check","","","","{""invariant"":true}",pass,"",P3,"","",""
agent.intent.malformed.136,agent.intent.malformed,"invariant check","","","","{""invariant"":true}",pass,"",P3,"","",""
agent.intent.malformed.137,agent.intent.malformed,"invariant check","","","","{""invariant"":true}",pass,"",P3,"","",""
agent.intent.malformed.138,agent.intent.malformed,"invariant check","","","","{""invariant"":true}",pass,"",P3,"","",""
agent.intent.malformed.139,agent.intent.malformed,"invariant check","","","","{""invariant"":true}",pass,"",P3,"","",""
agent.intent.malformed.140,agent.intent.malformed,"invariant check","","","","{""invariant"":true}",pass,"",P3,"","",""
agent.intent.malformed.141,agent.intent.malformed,"invariant check","","","","{""invariant"":true}",pass,"",P3,"","",""
agent.intent.malformed.142,agent.intent.malformed,"invariant check","","","","{""invariant"":true}",pass,"",P3,"","",""
agent.intent.malformed.143,agent.intent.malformed,"invariant check","","","","{""invariant"":true}",pass,"",P3,"","",""
agent.intent.malformed.144,agent.intent.malformed,"invariant check","","","","{""invariant"":true}",pass,"",P3,"","",""
agent.intent.malformed.145,agent.intent.malformed,"invariant check","","","","{""invariant"":true}",pass,"",P3,"","",""
agent.intent.malformed.146,agent.intent.malformed,"invariant check","","","","{""invariant"":true}",pass,"",P3,"","",""
agent.intent.malformed.147,agent.intent.malformed,"invariant check","","","","{""invariant"":true}",pass,"",P3,"","",""
agent.intent.malformed.148,agent.intent.malformed,"invariant check","","","","{""invariant"":true}",pass,"",P3,"","",""
agent.intent.malformed.149,agent.intent.malformed,"invariant check","","","","{""invariant"":true}",pass,"",P3,"","",""
agent.intent.malformed.150,agent.intent.malformed,"invariant check","","","","{""invariant"":true}",pass,"",P3,"","",""
agent.intent.malformed.151,agent.intent.malformed,"invariant check","","","","{""invariant"":true}",pass,"",P3,"","",""
agent.intent.malformed.152,agent.intent.malformed,"invariant check","","","","{""invariant"":true}",pass,"",P3,"","",""
agent.intent.malformed.153,agent.intent.malformed,"invariant check","","","","{""invariant"":true}",pass,"",P3,"","",""
agent.intent.malformed.154,agent.intent.malformed,"invariant check","","","","{""invariant"":true}",pass,"",P3,"","",""
agent.intent.malformed.155,agent.intent.malformed,"invariant check","","","","{""invariant"":true}",pass,"",P3,"","",""
agent.intent.malformed.156,agent.intent.malformed,"invariant check","","","","{""invariant"":true}",pass,"",P3,"","",""
agent.intent.malformed.157,agent.intent.malformed,"invariant check","","","","{""invariant"":true}",pass,"",P3,"","",""
agent.intent.malformed.158,agent.intent.malformed,"invariant check","","","","{""invariant"":true}",pass,"",P3,"","",""
agent.intent.malformed.159,agent.intent.malformed,"invariant check","","","","{""invariant"":true}",pass,"",P3,"","",""
agent.intent.malformed.160,agent.intent.malformed,"invariant check","","","","{""invariant"":true}",pass,"",P3,"","",""
agent.intent.malformed.161,agent.intent.malformed,"invariant check","","","","{""invariant"":true}",pass,"",P3,"","",""
agent.intent.malformed.162,agent.intent.malformed,"invariant check","","","","{""invariant"":true}",pass,"",P3,"","",""
agent.intent.malformed.163,agent.intent.malformed,"invariant check","","","","{""invariant"":true}",pass,"",P3,"","",""
agent.intent.malformed.164,agent.intent.malformed,"invariant check","","","","{""invariant"":true}",pass,"",P3,"","",""
agent.intent.malformed.165,agent.intent.malformed,"invariant check","","","","{""invariant"":true}",pass,"",P3,"","",""
agent.intent.malformed.166,agent.intent.malformed,"invariant check","","","","{""invariant"":true}",pass,"",P3,"","",""
agent.intent.malformed.167,agent.intent.malformed,"invariant check","","","","{""invariant"":true}",pass,"",P3,"","",""
agent.intent.malformed.168,agent.intent.malformed,"invariant check","","","","{""invariant"":true}",pass,"",P3,"","",""
agent.intent.malformed.169,agent.intent.malformed,"invariant check","","","","{""invariant"":true}",pass,"",P3,"","",""
agent.intent.malformed.170,agent.intent.malformed,"invariant check","","","","{""invariant"":true}",pass,"",P3,"","",""
agent.intent.malformed.171,agent.intent.malformed,"invariant check","","","","{""invariant"":true}",pass,"",P3,"","",""
agent.intent.malformed.172,agent.intent.malformed,"invariant check","","","","{""invariant"":true}",pass,"",P3,"","",""
agent.intent.malformed.173,agent.intent.malformed,"invariant check","","","","{""invariant"":true}",pass,"",P3,"","",""
agent.intent.malformed.174,agent.intent.malformed,"invariant check","","","","{""invariant"":true}",pass,"",P3,"","",""
agent.intent.malformed.175,agent.intent.malformed,"invariant check","","","","{""invariant"":true}",pass,"",P3,"","",""
agent.intent.malformed.176,agent.intent.malformed,"invariant check","","","","{""invariant"":true}",pass,"",P3,"","",""
agent.intent.malformed.177,agent.intent.malformed,"invariant check","","","","{""invariant"":true}",pass,"",P3,"","",""
agent.intent.malformed.178,agent.intent.malformed,"invariant check","","","","{""invariant"":true}",pass,"",P3,"","",""
agent.intent.malformed.179,agent.intent.malformed,"invariant check","","","","{""invariant"":true}",pass,"",P3,"","",""
agent.intent.malformed.180,agent.intent.malformed,"invariant check","","","","{""invariant"":true}",pass,"",P3,"","",""
agent.intent.malformed.181,agent.intent.malformed,"invariant check","","","","{""invariant"":true}",pass,"",P3,"","",""
agent.intent.malformed.182,agent.intent.malformed,"invariant check","","","","{""invariant"":true}",pass,"",P3,"","",""
agent.intent.malformed.183,agent.intent.malformed,"invariant check","","","","{""invariant"":true}",pass,"",P3,"","",""
agent.intent.malformed.184,agent.intent.malformed,"invariant check","","","","{""invariant"":true}",pass,"",P3,"","",""
agent.intent.malformed.185,agent.intent.malformed,"invariant check","","","","{""invariant"":true}",pass,"",P3,"","",""
agent.intent.malformed.186,agent.intent.malformed,"invariant check","","","","{""invariant"":true}",pass,"",P3,"","",""
agent.intent.malformed.187,agent.intent.malformed,"invariant check","","","","{""invariant"":true}",pass,"",P3,"","",""
agent.intent.malformed.188,agent.intent.malformed,"invariant check","","","","{""invariant"":true}",pass,"",P3,"","",""
agent.intent.malformed.189,agent.intent.malformed,"invariant check","","","","{""invariant"":true}",pass,"",P3,"","",""
agent.intent.malformed.190,agent.intent.malformed,"invariant check","","","","{""invariant"":true}",pass,"",P3,"","",""
agent.intent.malformed.191,agent.intent.malformed,"invariant check","","","","{""invariant"":true}",pass,"",P3,"","",""
agent.intent.malformed.192,agent.intent.malformed,"invariant check","","","","{""invariant"":true}",pass,"",P3,"","",""
agent.intent.malformed.193,agent.intent.malformed,"invariant check","","","","{""invariant"":true}",pass,"",P3,"","",""
agent.intent.malformed.194,agent.intent.malformed,"invariant check","","","","{""invariant"":true}",pass,"",P3,"","",""
agent.intent.malformed.195,agent.intent.malformed,"invariant check","","","","{""invariant"":true}",pass,"",P3,"","",""
agent.intent.malformed.196,agent.intent.malformed,"invariant check","","","","{""invariant"":true}",pass,"",P3,"","",""
agent.intent.malformed.197,agent.intent.malformed,"invariant check","","","","{""invariant"":true}",pass,"",P3,"","",""
agent.intent.malformed.198,agent.intent.malformed,"invariant check","","","","{""invariant"":true}",pass,"",P3,"","",""
agent.intent.malformed.199,agent.intent.malformed,"invariant check","","","","{""invariant"":true}",pass,"",P3,"","",""
agent.intent.malformed.200,agent.intent.malformed,"invariant check","","","","{""invariant"":true}",pass,"",P3,"","",""
agent.intent.malformed.201,agent.intent.malformed,"invariant check","","","","{""invariant"":true}",pass,"",P3,"","",""
agent.intent.malformed.202,agent.intent.malformed,"invariant check","","","","{""invariant"":true}",pass,"",P3,"","",""
agent.intent.malformed.203,agent.intent.malformed,"invariant check","","","","{""invariant"":true}",pass,"",P3,"","",""
agent.intent.malformed.204,agent.intent.malformed,"invariant check","","","","{""invariant"":true}",pass,"",P3,"","",""
agent.intent.malformed.205,agent.intent.malformed,"invariant check","","","","{""invariant"":true}",pass,"",P3,"","",""
agent.intent.malformed.206,agent.intent.malformed,"invariant check","","","","{""invariant"":true}",pass,"",P3,"","",""
agent.intent.malformed.207,agent.intent.malformed,"invariant check","","","","{""invariant"":true}",pass,"",P3,"","",""
agent.intent.malformed.208,agent.intent.malformed,"invariant check","","","","{""invariant"":true}",pass,"",P3,"","",""
agent.intent.malformed.209,agent.intent.malformed,"invariant check","","","","{""invariant"":true}",pass,"",P3,"","",""
agent.intent.malformed.210,agent.intent.malformed,"invariant check","","","","{""invariant"":true}",pass,"",P3,"","",""
agent.intent.malformed.211,agent.intent.malformed,"invariant check","","","","{""invariant"":true}",pass,"",P3,"","",""
agent.intent.malformed.212,agent.intent.malformed,"invariant check","","","","{""invariant"":true}",pass,"",P3,"","",""
agent.intent.malformed.213,agent.intent.malformed,"invariant check","","","","{""invariant"":true}",pass,"",P3,"","",""
agent.intent.malformed.214,agent.intent.malformed,"invariant check","","","","{""invariant"":true}",pass,"",P3,"","",""
agent.intent.malformed.215,agent.intent.malformed,"invariant check","","","","{""invariant"":true}",pass,"",P3,"","",""
agent.intent.malformed.216,agent.intent.malformed,"invariant check","","","","{""invariant"":true}",pass,"",P3,"","",""
agent.intent.malformed.217,agent.intent.malformed,"invariant check","","","","{""invariant"":true}",pass,"",P3,"","",""
agent.intent.malformed.218,agent.intent.malformed,"invariant check","","","","{""invariant"":true}",pass,"",P3,"","",""
agent.intent.malformed.219,agent.intent.malformed,"invariant check","","","","{""invariant"":true}",pass,"",P3,"","",""
agent.intent.malformed.220,agent.intent.malformed,"invariant check","","","","{""invariant"":true}",pass,"",P3,"","",""
agent.capability.grounding.221,agent.capability.grounding,"invariant check","","","","{""invariant"":true}",pass,"",P3,"","",""
agent.capability.grounding.222,agent.capability.grounding,"invariant check","","","","{""invariant"":true}",pass,"",P3,"","",""
agent.capability.grounding.223,agent.capability.grounding,"invariant check","","","","{""invariant"":true}",pass,"",P3,"","",""
agent.capability.grounding.224,agent.capability.grounding,"invariant check","","","","{""invariant"":true}",pass,"",P3,"","",""
agent.capability.grounding.225,agent.capability.grounding,"invariant check","","","","{""invariant"":true}",pass,"",P3,"","",""
agent.capability.grounding.226,agent.capability.grounding,"invariant check","","","","{""invariant"":true}",pass,"",P3,"","",""
agent.capability.grounding.227,agent.capability.grounding,"invariant check","","","","{""invariant"":true}",pass,"",P3,"","",""
agent.capability.grounding.228,agent.capability.grounding,"invariant check","","","","{""invariant"":true}",pass,"",P3,"","",""
agent.capability.grounding.229,agent.capability.grounding,"invariant check","","","","{""invariant"":true}",pass,"",P3,"","",""
agent.capability.grounding.230,agent.capability.grounding,"invariant check","","","","{""invariant"":true}",pass,"",P3,"","",""
agent.capability.grounding.231,agent.capability.grounding,"invariant check","","","","{""invariant"":true}",pass,"",P3,"","",""
agent.capability.grounding.232,agent.capability.grounding,"invariant check","","","","{""invariant"":true}",pass,"",P3,"","",""
agent.capability.grounding.233,agent.capability.grounding,"invariant check","","","","{""invariant"":true}",pass,"",P3,"","",""
agent.capability.grounding.234,agent.capability.grounding,"invariant check","","","","{""invariant"":true}",pass,"",P3,"","",""
agent.capability.grounding.235,agent.capability.grounding,"invariant check","","","","{""invariant"":true}",pass,"",P3,"","",""
agent.capability.grounding.236,agent.capability.grounding,"invariant check","","","","{""invariant"":true}",pass,"",P3,"","",""
agent.capability.grounding.237,agent.capability.grounding,"invariant check","","","","{""invariant"":true}",pass,"",P3,"","",""
agent.capability.grounding.238,agent.capability.grounding,"invariant check","","","","{""invariant"":true}",pass,"",P3,"","",""
agent.capability.grounding.239,agent.capability.grounding,"invariant check","","","","{""invariant"":true}",pass,"",P3,"","",""
agent.capability.grounding.240,agent.capability.grounding,"invariant check","","","","{""invariant"":true}",pass,"",P3,"","",""
agent.capability.grounding.241,agent.capability.grounding,"invariant check","","","","{""invariant"":true}",pass,"",P3,"","",""
agent.capability.grounding.242,agent.capability.grounding,"invariant check","","","","{""invariant"":true}",pass,"",P3,"","",""
agent.capability.grounding.243,agent.capability.grounding,"invariant check","","","","{""invariant"":true}",pass,"",P3,"","",""
agent.capability.grounding.244,agent.capability.grounding,"invariant check","","","","{""invariant"":true}",pass,"",P3,"","",""
agent.capability.grounding.245,agent.capability.grounding,"invariant check","","","","{""invariant"":true}",pass,"",P3,"","",""
agent.capability.grounding.246,agent.capability.grounding,"invariant check","","","","{""invariant"":true}",pass,"",P3,"","",""
agent.capability.grounding.247,agent.capability.grounding,"invariant check","","","","{""invariant"":true}",pass,"",P3,"","",""
agent.capability.grounding.248,agent.capability.grounding,"invariant check","","","","{""invariant"":true}",pass,"",P3,"","",""
agent.capability.grounding.249,agent.capability.grounding,"invariant check","","","","{""invariant"":true}",pass,"",P3,"","",""
agent.capability.grounding.250,agent.capability.grounding,"invariant check","","","","{""invariant"":true}",pass,"",P3,"","",""
agent.capability.grounding.251,agent.capability.grounding,"invariant check","","","","{""invariant"":true}",pass,"",P3,"","",""
agent.capability.grounding.252,agent.capability.grounding,"invariant check","","","","{""invariant"":true}",pass,"",P3,"","",""
agent.capability.grounding.253,agent.capability.grounding,"invariant check","","","","{""invariant"":true}",pass,"",P3,"","",""
agent.capability.grounding.254,agent.capability.grounding,"invariant check","","","","{""invariant"":true}",pass,"",P3,"","",""
agent.capability.grounding.255,agent.capability.grounding,"invariant check","","","","{""invariant"":true}",pass,"",P3,"","",""
agent.capability.grounding.256,agent.capability.grounding,"invariant check","","","","{""invariant"":true}",pass,"",P3,"","",""
agent.capability.grounding.257,agent.capability.grounding,"invariant check","","","","{""invariant"":true}",pass,"",P3,"","",""
agent.capability.grounding.258,agent.capability.grounding,"invariant check","","","","{""invariant"":true}",pass,"",P3,"","",""
agent.capability.grounding.259,agent.capability.grounding,"invariant check","","","","{""invariant"":true}",pass,"",P3,"","",""
agent.capability.grounding.260,agent.capability.grounding,"invariant check","","","","{""invariant"":true}",pass,"",P3,"","",""
agent.capability.grounding.261,agent.capability.grounding,"invariant check","","","","{""invariant"":true}",pass,"",P3,"","",""
agent.capability.grounding.262,agent.capability.grounding,"invariant check","","","","{""invariant"":true}",pass,"",P3,"","",""
agent.capability.grounding.263,agent.capability.grounding,"invariant check","","","","{""invariant"":true}",pass,"",P3,"","",""
agent.capability.grounding.264,agent.capability.grounding,"invariant check","","","","{""invariant"":true}",pass,"",P3,"","",""
agent.capability.grounding.265,agent.capability.grounding,"invariant check","","","","{""invariant"":true}",pass,"",P3,"","",""
agent.capability.grounding.266,agent.capability.grounding,"invariant check","","","","{""invariant"":true}",pass,"",P3,"","",""
agent.capability.grounding.267,agent.capability.grounding,"invariant check","","","","{""invariant"":true}",pass,"",P3,"","",""
agent.capability.grounding.268,agent.capability.grounding,"invariant check","","","","{""invariant"":true}",pass,"",P3,"","",""
agent.capability.grounding.269,agent.capability.grounding,"invariant check","","","","{""invariant"":true}",pass,"",P3,"","",""
agent.capability.grounding.270,agent.capability.grounding,"invariant check","","","","{""invariant"":true}",pass,"",P3,"","",""
agent.capability.grounding.271,agent.capability.grounding,"invariant check","","","","{""invariant"":true}",pass,"",P3,"","",""
agent.capability.grounding.272,agent.capability.grounding,"invariant check","","","","{""invariant"":true}",pass,"",P3,"","",""
agent.capability.grounding.273,agent.capability.grounding,"invariant check","","","","{""invariant"":true}",pass,"",P3,"","",""
agent.capability.grounding.274,agent.capability.grounding,"invariant check","","","","{""invariant"":true}",pass,"",P3,"","",""
agent.capability.grounding.275,agent.capability.grounding,"invariant check","","","","{""invariant"":true}",pass,"",P3,"","",""
agent.capability.grounding.276,agent.capability.grounding,"invariant check","","","","{""invariant"":true}",pass,"",P3,"","",""
agent.capability.grounding.277,agent.capability.grounding,"invariant check","","","","{""invariant"":true}",pass,"",P3,"","",""
agent.capability.grounding.278,agent.capability.grounding,"invariant check","","","","{""invariant"":true}",pass,"",P3,"","",""
agent.capability.grounding.279,agent.capability.grounding,"invariant check","","","","{""invariant"":true}",pass,"",P3,"","",""
agent.capability.grounding.280,agent.capability.grounding,"invariant check","","","","{""invariant"":true}",pass,"",P3,"","",""
agent.capability.grounding.281,agent.capability.grounding,"invariant check","","","","{""invariant"":true}",pass,"",P3,"","",""
agent.capability.grounding.282,agent.capability.grounding,"invariant check","","","","{""invariant"":true}",pass,"",P3,"","",""
agent.capability.grounding.283,agent.capability.grounding,"invariant check","","","","{""invariant"":true}",pass,"",P3,"","",""
agent.capability.grounding.284,agent.capability.grounding,"invariant check","","","","{""invariant"":true}",pass,"",P3,"","",""
agent.capability.grounding.285,agent.capability.grounding,"invariant check","","","","{""invariant"":true}",pass,"",P3,"","",""
agent.capability.grounding.286,agent.capability.grounding,"invariant check","","","","{""invariant"":true}",pass,"",P3,"","",""
agent.capability.grounding.287,agent.capability.grounding,"invariant check","","","","{""invariant"":true}",pass,"",P3,"","",""
agent.capability.grounding.288,agent.capability.grounding,"invariant check","","","","{""invariant"":true}",pass,"",P3,"","",""
agent.capability.grounding.289,agent.capability.grounding,"invariant check","","","","{""invariant"":true}",pass,"",P3,"","",""
agent.capability.grounding.290,agent.capability.grounding,"invariant check","","","","{""invariant"":true}",pass,"",P3,"","",""
agent.capability.grounding.291,agent.capability.grounding,"invariant check","","","","{""invariant"":true}",pass,"",P3,"","",""
agent.capability.grounding.292,agent.capability.grounding,"invariant check","","","","{""invariant"":true}",pass,"",P3,"","",""
agent.capability.grounding.293,agent.capability.grounding,"invariant check","","","","{""invariant"":true}",pass,"",P3,"","",""
agent.capability.grounding.294,agent.capability.grounding,"invariant check","","","","{""invariant"":true}",pass,"",P3,"","",""
agent.capability.grounding.295,agent.capability.grounding,"invariant check","","","","{""invariant"":true}",pass,"",P3,"","",""
agent.capability.grounding.296,agent.capability.grounding,"invariant check","","","","{""invariant"":true}",pass,"",P3,"","",""
agent.capability.grounding.297,agent.capability.grounding,"invariant check","","","","{""invariant"":true}",pass,"",P3,"","",""
agent.capability.grounding.298,agent.capability.grounding,"invariant check","","","","{""invariant"":true}",pass,"",P3,"","",""
agent.capability.grounding.299,agent.capability.grounding,"invariant check","","","","{""invariant"":true}",pass,"",P3,"","",""
agent.capability.grounding.300,agent.capability.grounding,"invariant check","","","","{""invariant"":true}",pass,"",P3,"","",""
agent.capability.grounding.301,agent.capability.grounding,"invariant check","","","","{""invariant"":true}",pass,"",P3,"","",""
agent.capability.grounding.302,agent.capability.grounding,"invariant check","","","","{""invariant"":true}",pass,"",P3,"","",""
agent.capability.grounding.303,agent.capability.grounding,"invariant check","","","","{""invariant"":true}",pass,"",P3,"","",""
agent.capability.grounding.304,agent.capability.grounding,"invariant check","","","","{""invariant"":true}",pass,"",P3,"","",""
agent.capability.grounding.305,agent.capability.grounding,"invariant check","","","","{""invariant"":true}",pass,"",P3,"","",""
agent.capability.grounding.306,agent.capability.grounding,"invariant check","","","","{""invariant"":true}",pass,"",P3,"","",""
agent.capability.grounding.307,agent.capability.grounding,"invariant check","","","","{""invariant"":true}",pass,"",P3,"","",""
agent.capability.grounding.308,agent.capability.grounding,"invariant check","","","","{""invariant"":true}",pass,"",P3,"","",""
agent.capability.grounding.309,agent.capability.grounding,"invariant check","","","","{""invariant"":true}",pass,"",P3,"","",""
agent.capability.grounding.310,agent.capability.grounding,"invariant check","","","","{""invariant"":true}",pass,"",P3,"","",""
agent.capability.grounding.311,agent.capability.grounding,"invariant check","","","","{""invariant"":true}",pass,"",P3,"","",""
agent.capability.grounding.312,agent.capability.grounding,"invariant check","","","","{""invariant"":true}",pass,"",P3,"","",""
agent.capability.grounding.313,agent.capability.grounding,"invariant check","","","","{""invariant"":true}",pass,"",P3,"","",""
agent.capability.grounding.314,agent.capability.grounding,"invariant check","","","","{""invariant"":true}",pass,"",P3,"","",""
agent.capability.grounding.315,agent.capability.grounding,"invariant check","","","","{""invariant"":true}",pass,"",P3,"","",""
agent.capability.grounding.316,agent.capability.grounding,"invariant check","","","","{""invariant"":true}",pass,"",P3,"","",""
agent.capability.grounding.317,agent.capability.grounding,"invariant check","","","","{""invariant"":true}",pass,"",P3,"","",""
agent.capability.grounding.318,agent.capability.grounding,"invariant check","","","","{""invariant"":true}",pass,"",P3,"","",""
agent.capability.grounding.319,agent.capability.grounding,"invariant check","","","","{""invariant"":true}",pass,"",P3,"","",""
agent.capability.grounding.320,agent.capability.grounding,"invariant check","","","","{""invariant"":true}",pass,"",P3,"","",""
agent.capability.grounding.321,agent.capability.grounding,"invariant check","","","","{""invariant"":true}",pass,"",P3,"","",""
agent.capability.grounding.322,agent.capability.grounding,"invariant check","","","","{""invariant"":true}",pass,"",P3,"","",""
agent.capability.grounding.323,agent.capability.grounding,"invariant check","","","","{""invariant"":true}",pass,"",P3,"","",""
agent.capability.grounding.324,agent.capability.grounding,"invariant check","","","","{""invariant"":true}",pass,"",P3,"","",""
agent.capability.grounding.325,agent.capability.grounding,"invariant check","","","","{""invariant"":true}",pass,"",P3,"","",""
agent.capability.grounding.326,agent.capability.grounding,"invariant check","","","","{""invariant"":true}",pass,"",P3,"","",""
agent.capability.grounding.327,agent.capability.grounding,"invariant check","","","","{""invariant"":true}",pass,"",P3,"","",""
agent.capability.grounding.328,agent.capability.grounding,"invariant check","","","","{""invariant"":true}",pass,"",P3,"","",""
agent.capability.grounding.329,agent.capability.grounding,"invariant check","","","","{""invariant"":true}",pass,"",P3,"","",""
agent.capability.grounding.330,agent.capability.grounding,"invariant check","","","","{""invariant"":true}",pass,"",P3,"","",""
agent.capability.grounding.331,agent.capability.grounding,"invariant check","","","","{""invariant"":true}",pass,"",P3,"","",""
agent.capability.grounding.332,agent.capability.grounding,"invariant check","","","","{""invariant"":true}",pass,"",P3,"","",""
agent.capability.grounding.333,agent.capability.grounding,"invariant check","","","","{""invariant"":true}",pass,"",P3,"","",""
agent.capability.grounding.334,agent.capability.grounding,"invariant check","","","","{""invariant"":true}",pass,"",P3,"","",""
agent.capability.grounding.335,agent.capability.grounding,"invariant check","","","","{""invariant"":true}",pass,"",P3,"","",""
agent.capability.grounding.336,agent.capability.grounding,"invariant check","","","","{""invariant"":true}",pass,"",P3,"","",""
agent.capability.grounding.337,agent.capability.grounding,"invariant check","","","","{""invariant"":true}",pass,"",P3,"","",""
agent.capability.grounding.338,agent.capability.grounding,"invariant check","","","","{""invariant"":true}",pass,"",P3,"","",""
agent.capability.grounding.339,agent.capability.grounding,"invariant check","","","","{""invariant"":true}",pass,"",P3,"","",""
agent.capability.grounding.340,agent.capability.grounding,"invariant check","","","","{""invariant"":true}",pass,"",P3,"","",""
agent.capability.grounding.341,agent.capability.grounding,"invariant check","","","","{""invariant"":true}",pass,"",P3,"","",""
agent.capability.grounding.342,agent.capability.grounding,"invariant check","","","","{""invariant"":true}",pass,"",P3,"","",""
agent.capability.grounding.343,agent.capability.grounding,"invariant check","","","","{""invariant"":true}",pass,"",P3,"","",""
agent.capability.grounding.344,agent.capability.grounding,"invariant check","","","","{""invariant"":true}",pass,"",P3,"","",""
agent.capability.grounding.345,agent.capability.grounding,"invariant check","","","","{""invariant"":true}",pass,"",P3,"","",""
agent.capability.grounding.346,agent.capability.grounding,"invariant check","","","","{""invariant"":true}",pass,"",P3,"","",""
agent.capability.grounding.347,agent.capability.grounding,"invariant check","","","","{""invariant"":true}",pass,"",P3,"","",""
agent.capability.grounding.348,agent.capability.grounding,"invariant check","","","","{""invariant"":true}",pass,"",P3,"","",""
agent.capability.grounding.349,agent.capability.grounding,"invariant check","","","","{""invariant"":true}",pass,"",P3,"","",""
agent.capability.grounding.350,agent.capability.grounding,"invariant check","","","","{""invariant"":true}",pass,"",P3,"","",""
agent.capability.grounding.351,agent.capability.grounding,"invariant check","","","","{""invariant"":true}",pass,"",P3,"","",""
agent.capability.grounding.352,agent.capability.grounding,"invariant check","","","","{""invariant"":true}",pass,"",P3,"","",""
agent.capability.grounding.353,agent.capability.grounding,"invariant check","","","","{""invariant"":true}",pass,"",P3,"","",""
agent.capability.grounding.354,agent.capability.grounding,"invariant check","","","","{""invariant"":true}",pass,"",P3,"","",""
agent.capability.grounding.355,agent.capability.grounding,"invariant check","","","","{""invariant"":true}",pass,"",P3,"","",""
agent.capability.grounding.356,agent.capability.grounding,"invariant check","","","","{""invariant"":true}",pass,"",P3,"","",""
agent.capability.grounding.357,agent.capability.grounding,"invariant check","","","","{""invariant"":true}",pass,"",P3,"","",""
agent.capability.grounding.358,agent.capability.grounding,"invariant check","","","","{""invariant"":true}",pass,"",P3,"","",""
agent.capability.grounding.359,agent.capability.grounding,"invariant check","","","","{""invariant"":true}",pass,"",P3,"","",""
agent.capability.grounding.360,agent.capability.grounding,"invariant check","","","","{""invariant"":true}",pass,"",P3,"","",""
agent.capability.grounding.361,agent.capability.grounding,"invariant check","","","","{""invariant"":true}",pass,"",P3,"","",""
agent.capability.grounding.362,agent.capability.grounding,"invariant check","","","","{""invariant"":true}",pass,"",P3,"","",""
agent.capability.grounding.363,agent.capability.grounding,"invariant check","","","","{""invariant"":true}",pass,"",P3,"","",""
agent.capability.grounding.364,agent.capability.grounding,"invariant check","","","","{""invariant"":true}",pass,"",P3,"","",""
agent.capability.grounding.365,agent.capability.grounding,"invariant check","","","","{""invariant"":true}",pass,"",P3,"","",""
agent.capability.grounding.366,agent.capability.grounding,"invariant check","","","","{""invariant"":true}",pass,"",P3,"","",""
agent.capability.grounding.367,agent.capability.grounding,"invariant check","","","","{""invariant"":true}",pass,"",P3,"","",""
agent.capability.grounding.368,agent.capability.grounding,"invariant check","","","","{""invariant"":true}",pass,"",P3,"","",""
agent.capability.grounding.369,agent.capability.grounding,"invariant check","","","","{""invariant"":true}",pass,"",P3,"","",""
agent.capability.grounding.370,agent.capability.grounding,"invariant check","","","","{""invariant"":true}",pass,"",P3,"","",""
agent.capability.grounding.371,agent.capability.grounding,"invariant check","","","","{""invariant"":true}",pass,"",P3,"","",""
agent.capability.grounding.372,agent.capability.grounding,"invariant check","","","","{""invariant"":true}",pass,"",P3,"","",""
agent.capability.grounding.373,agent.capability.grounding,"invariant check","","","","{""invariant"":true}",pass,"",P3,"","",""
agent.capability.grounding.374,agent.capability.grounding,"invariant check","","","","{""invariant"":true}",pass,"",P3,"","",""
agent.capability.grounding.375,agent.capability.grounding,"invariant check","","","","{""invariant"":true}",pass,"",P3,"","",""
agent.capability.grounding.376,agent.capability.grounding,"invariant check","","","","{""invariant"":true}",pass,"",P3,"","",""
agent.capability.grounding.377,agent.capability.grounding,"invariant check","","","","{""invariant"":true}",pass,"",P3,"","",""
agent.capability.grounding.378,agent.capability.grounding,"invariant check","","","","{""invariant"":true}",pass,"",P3,"","",""
agent.capability.grounding.379,agent.capability.grounding,"invariant check","","","","{""invariant"":true}",pass,"",P3,"","",""
agent.capability.grounding.380,agent.capability.grounding,"invariant check","","","","{""invariant"":true}",pass,"",P3,"","",""
agent.capability.grounding.381,agent.capability.grounding,"invariant check","","","","{""invariant"":true}",pass,"",P3,"","",""
agent.capability.grounding.382,agent.capability.grounding,"invariant check","","","","{""invariant"":true}",pass,"",P3,"","",""
agent.capability.grounding.383,agent.capability.grounding,"invariant check","","","","{""invariant"":true}",pass,"",P3,"","",""
agent.capability.grounding.384,agent.capability.grounding,"invariant check","","","","{""invariant"":true}",pass,"",P3,"","",""
agent.capability.grounding.385,agent.capability.grounding,"invariant check","","","","{""invariant"":true}",pass,"",P3,"","",""
agent.capability.grounding.386,agent.capability.grounding,"invariant check","","","","{""invariant"":true}",pass,"",P3,"","",""
agent.capability.grounding.387,agent.capability.grounding,"invariant check","","","","{""invariant"":true}",pass,"",P3,"","",""
agent.capability.grounding.388,agent.capability.grounding,"invariant check","","","","{""invariant"":true}",pass,"",P3,"","",""
agent.capability.grounding.389,agent.capability.grounding,"invariant check","","","","{""invariant"":true}",pass,"",P3,"","",""
agent.capability.grounding.390,agent.capability.grounding,"invariant check","","","","{""invariant"":true}",pass,"",P3,"","",""
agent.capability.grounding.391,agent.capability.grounding,"invariant check","","","","{""invariant"":true}",pass,"",P3,"","",""
agent.capability.grounding.392,agent.capability.grounding,"invariant check","","","","{""invariant"":true}",pass,"",P3,"","",""
agent.capability.grounding.393,agent.capability.grounding,"invariant check","","","","{""invariant"":true}",pass,"",P3,"","",""
agent.capability.grounding.394,agent.capability.grounding,"invariant check","","","","{""invariant"":true}",pass,"",P3,"","",""
agent.capability.grounding.395,agent.capability.grounding,"invariant check","","","","{""invariant"":true}",pass,"",P3,"","",""
agent.capability.grounding.396,agent.capability.grounding,"invariant check","","","","{""invariant"":true}",pass,"",P3,"","",""
agent.capability.grounding.397,agent.capability.grounding,"invariant check","","","","{""invariant"":true}",pass,"",P3,"","",""
agent.capability.grounding.398,agent.capability.grounding,"invariant check","","","","{""invariant"":true}",pass,"",P3,"","",""
agent.capability.grounding.399,agent.capability.grounding,"invariant check","","","","{""invariant"":true}",pass,"",P3,"","",""
agent.capability.grounding.400,agent.capability.grounding,"invariant check","","","","{""invariant"":true}",pass,"",P3,"","",""
agent.capability.grounding.401,agent.capability.grounding,"invariant check","","","","{""invariant"":true}",pass,"",P3,"","",""
agent.capability.grounding.402,agent.capability.grounding,"invariant check","","","","{""invariant"":true}",pass,"",P3,"","",""
agent.capability.grounding.403,agent.capability.grounding,"invariant check","","","","{""invariant"":true}",pass,"",P3,"","",""
agent.capability.grounding.404,agent.capability.grounding,"invariant check","","","","{""invariant"":true}",pass,"",P3,"","",""
agent.capability.grounding.405,agent.capability.grounding,"invariant check","","","","{""invariant"":true}",pass,"",P3,"","",""
agent.capability.grounding.406,agent.capability.grounding,"invariant check","","","","{""invariant"":true}",pass,"",P3,"","",""
agent.capability.grounding.407,agent.capability.grounding,"invariant check","","","","{""invariant"":true}",pass,"",P3,"","",""
agent.capability.grounding.408,agent.capability.grounding,"invariant check","","","","{""invariant"":true}",pass,"",P3,"","",""
agent.capability.grounding.409,agent.capability.grounding,"invariant check","","","","{""invariant"":true}",pass,"",P3,"","",""
agent.capability.grounding.410,agent.capability.grounding,"invariant check","","","","{""invariant"":true}",pass,"",P3,"","",""
agent.capability.grounding.411,agent.capability.grounding,"invariant check","","","","{""invariant"":true}",pass,"",P3,"","",""
agent.capability.grounding.412,agent.capability.grounding,"invariant check","","","","{""invariant"":true}",pass,"",P3,"","",""
agent.capability.grounding.413,agent.capability.grounding,"invariant check","","","","{""invariant"":true}",pass,"",P3,"","",""
agent.capability.grounding.414,agent.capability.grounding,"invariant check","","","","{""invariant"":true}",pass,"",P3,"","",""
agent.capability.grounding.415,agent.capability.grounding,"invariant check","","","","{""invariant"":true}",pass,"",P3,"","",""
agent.capability.grounding.416,agent.capability.grounding,"invariant check","","","","{""invariant"":true}",pass,"",P3,"","",""
agent.capability.grounding.417,agent.capability.grounding,"invariant check","","","","{""invariant"":true}",pass,"",P3,"","",""
agent.capability.grounding.418,agent.capability.grounding,"invariant check","","","","{""invariant"":true}",pass,"",P3,"","",""
agent.capability.grounding.419,agent.capability.grounding,"invariant check","","","","{""invariant"":true}",pass,"",P3,"","",""
agent.capability.grounding.420,agent.capability.grounding,"invariant check","","","","{""invariant"":true}",pass,"",P3,"","",""
agent.capability.grounding.421,agent.capability.grounding,"invariant check","","","","{""invariant"":true}",pass,"",P3,"","",""
agent.capability.grounding.422,agent.capability.grounding,"invariant check","","","","{""invariant"":true}",pass,"",P3,"","",""
agent.capability.grounding.423,agent.capability.grounding,"invariant check","","","","{""invariant"":true}",pass,"",P3,"","",""
agent.capability.grounding.424,agent.capability.grounding,"invariant check","","","","{""invariant"":true}",pass,"",P3,"","",""
agent.capability.grounding.425,agent.capability.grounding,"invariant check","","","","{""invariant"":true}",pass,"",P3,"","",""
agent.capability.grounding.426,agent.capability.grounding,"invariant check","","","","{""invariant"":true}",pass,"",P3,"","",""
agent.capability.grounding.427,agent.capability.grounding,"invariant check","","","","{""invariant"":true}",pass,"",P3,"","",""
agent.capability.grounding.428,agent.capability.grounding,"invariant check","","","","{""invariant"":true}",pass,"",P3,"","",""
agent.capability.grounding.429,agent.capability.grounding,"invariant check","","","","{""invariant"":true}",pass,"",P3,"","",""
agent.capability.grounding.430,agent.capability.grounding,"invariant check","","","","{""invariant"":true}",pass,"",P3,"","",""
agent.capability.grounding.431,agent.capability.grounding,"invariant check","","","","{""invariant"":true}",pass,"",P3,"","",""
agent.capability.grounding.432,agent.capability.grounding,"invariant check","","","","{""invariant"":true}",pass,"",P3,"","",""
agent.capability.grounding.433,agent.capability.grounding,"invariant check","","","","{""invariant"":true}",pass,"",P3,"","",""
agent.capability.grounding.434,agent.capability.grounding,"invariant check","","","","{""invariant"":true}",pass,"",P3,"","",""
agent.capability.grounding.435,agent.capability.grounding,"invariant check","","","","{""invariant"":true}",pass,"",P3,"","",""
agent.capability.grounding.436,agent.capability.grounding,"invariant check","","","","{""invariant"":true}",pass,"",P3,"","",""
agent.capability.grounding.437,agent.capability.grounding,"invariant check","","","","{""invariant"":true}",pass,"",P3,"","",""
agent.capability.grounding.438,agent.capability.grounding,"invariant check","","","","{""invariant"":true}",pass,"",P3,"","",""
agent.capability.grounding.439,agent.capability.grounding,"invariant check","","","","{""invariant"":true}",pass,"",P3,"","",""
agent.capability.grounding.440,agent.capability.grounding,"invariant check","","","","{""invariant"":true}",pass,"",P3,"","",""
agent.capability.grounding.441,agent.capability.grounding,"invariant check","","","","{""invariant"":true}",pass,"",P3,"","",""
agent.capability.grounding.442,agent.capability.grounding,"invariant check","","","","{""invariant"":true}",pass,"",P3,"","",""
agent.capability.grounding.443,agent.capability.grounding,"invariant check","","","","{""invariant"":true}",pass,"",P3,"","",""
agent.capability.grounding.444,agent.capability.grounding,"invariant check","","","","{""invariant"":true}",pass,"",P3,"","",""
agent.capability.grounding.445,agent.capability.grounding,"invariant check","","","","{""invariant"":true}",pass,"",P3,"","",""
agent.capability.grounding.446,agent.capability.grounding,"invariant check","","","","{""invariant"":true}",pass,"",P3,"","",""
agent.capability.grounding.447,agent.capability.grounding,"invariant check","","","","{""invariant"":true}",pass,"",P3,"","",""
agent.capability.grounding.448,agent.capability.grounding,"invariant check","","","","{""invariant"":true}",pass,"",P3,"","",""
agent.capability.grounding.449,agent.capability.grounding,"invariant check","","","","{""invariant"":true}",pass,"",P3,"","",""
agent.capability.grounding.450,agent.capability.grounding,"invariant check","","","","{""invariant"":true}",pass,"",P3,"","",""
agent.capability.grounding.451,agent.capability.grounding,"invariant check","","","","{""invariant"":true}",pass,"",P3,"","",""
agent.capability.grounding.452,agent.capability.grounding,"invariant check","","","","{""invariant"":true}",pass,"",P3,"","",""
agent.capability.grounding.453,agent.capability.grounding,"invariant check","","","","{""invariant"":true}",pass,"",P3,"","",""
agent.capability.grounding.454,agent.capability.grounding,"invariant check","","","","{""invariant"":true}",pass,"",P3,"","",""
agent.capability.grounding.455,agent.capability.grounding,"invariant check","","","","{""invariant"":true}",pass,"",P3,"","",""
agent.capability.grounding.456,agent.capability.grounding,"invariant check","","","","{""invariant"":true}",pass,"",P3,"","",""
agent.capability.grounding.457,agent.capability.grounding,"invariant check","","","","{""invariant"":true}",pass,"",P3,"","",""
agent.capability.grounding.458,agent.capability.grounding,"invariant check","","","","{""invariant"":true}",pass,"",P3,"","",""
agent.capability.grounding.459,agent.capability.grounding,"invariant check","","","","{""invariant"":true}",pass,"",P3,"","",""
agent.capability.grounding.460,agent.capability.grounding,"invariant check","","","","{""invariant"":true}",pass,"",P3,"","",""
agent.capability.grounding.461,agent.capability.grounding,"invariant check","","","","{""invariant"":true}",pass,"",P3,"","",""
agent.capability.grounding.462,agent.capability.grounding,"invariant check","","","","{""invariant"":true}",pass,"",P3,"","",""
agent.capability.grounding.463,agent.capability.grounding,"invariant check","","","","{""invariant"":true}",pass,"",P3,"","",""
agent.capability.grounding.464,agent.capability.grounding,"invariant check","","","","{""invariant"":true}",pass,"",P3,"","",""
agent.capability.grounding.465,agent.capability.grounding,"invariant check","","","","{""invariant"":true}",pass,"",P3,"","",""
agent.capability.grounding.466,agent.capability.grounding,"invariant check","","","","{""invariant"":true}",pass,"",P3,"","",""
agent.capability.grounding.467,agent.capability.grounding,"invariant check","","","","{""invariant"":true}",pass,"",P3,"","",""
agent.capability.grounding.468,agent.capability.grounding,"invariant check","","","","{""invariant"":true}",pass,"",P3,"","",""
agent.capability.grounding.469,agent.capability.grounding,"invariant check","","","","{""invariant"":true}",pass,"",P3,"","",""
agent.capability.grounding.470,agent.capability.grounding,"invariant check","","","","{""invariant"":true}",pass,"",P3,"","",""
agent.capability.grounding.471,agent.capability.grounding,"invariant check","","","","{""invariant"":true}",pass,"",P3,"","",""
agent.capability.grounding.472,agent.capability.grounding,"invariant check","","","","{""invariant"":true}",pass,"",P3,"","",""
agent.capability.grounding.473,agent.capability.grounding,"invariant check","","","","{""invariant"":true}",pass,"",P3,"","",""
agent.capability.grounding.474,agent.capability.grounding,"invariant check","","","","{""invariant"":true}",pass,"",P3,"","",""
agent.capability.grounding.475,agent.capability.grounding,"invariant check","","","","{""invariant"":true}",pass,"",P3,"","",""
agent.capability.grounding.476,agent.capability.grounding,"invariant check","","","","{""invariant"":true}",pass,"",P3,"","",""
agent.capability.grounding.477,agent.capability.grounding,"invariant check","","","","{""invariant"":true}",pass,"",P3,"","",""
agent.capability.grounding.478,agent.capability.grounding,"invariant check","","","","{""invariant"":true}",pass,"",P3,"","",""
agent.capability.grounding.479,agent.capability.grounding,"invariant check","","","","{""invariant"":true}",pass,"",P3,"","",""
agent.capability.grounding.480,agent.capability.grounding,"invariant check","","","","{""invariant"":true}",pass,"",P3,"","",""
agent.capability.grounding.481,agent.capability.grounding,"invariant check","","","","{""invariant"":true}",pass,"",P3,"","",""
agent.capability.grounding.482,agent.capability.grounding,"invariant check","","","","{""invariant"":true}",pass,"",P3,"","",""
agent.capability.grounding.483,agent.capability.grounding,"invariant check","","","","{""invariant"":true}",pass,"",P3,"","",""
agent.capability.grounding.484,agent.capability.grounding,"invariant check","","","","{""invariant"":true}",pass,"",P3,"","",""
agent.capability.grounding.485,agent.capability.grounding,"invariant check","","","","{""invariant"":true}",pass,"",P3,"","",""
agent.capability.grounding.486,agent.capability.grounding,"invariant check","","","","{""invariant"":true}",pass,"",P3,"","",""
agent.capability.grounding.487,agent.capability.grounding,"invariant check","","","","{""invariant"":true}",pass,"",P3,"","",""
agent.capability.grounding.488,agent.capability.grounding,"invariant check","","","","{""invariant"":true}",pass,"",P3,"","",""
agent.capability.grounding.489,agent.capability.grounding,"invariant check","","","","{""invariant"":true}",pass,"",P3,"","",""
agent.capability.grounding.490,agent.capability.grounding,"invariant check","","","","{""invariant"":true}",pass,"",P3,"","",""
agent.capability.grounding.491,agent.capability.grounding,"invariant check","","","","{""invariant"":true}",pass,"",P3,"","",""
agent.capability.grounding.492,agent.capability.grounding,"invariant check","","","","{""invariant"":true}",pass,"",P3,"","",""
agent.capability.grounding.493,agent.capability.grounding,"invariant check","","","","{""invariant"":true}",pass,"",P3,"","",""
agent.capability.grounding.494,agent.capability.grounding,"invariant check","","","","{""invariant"":true}",pass,"",P3,"","",""
agent.capability.grounding.495,agent.capability.grounding,"invariant check","","","","{""invariant"":true}",pass,"",P3,"","",""
agent.capability.grounding.496,agent.capability.grounding,"invariant check","","","","{""invariant"":true}",pass,"",P3,"","",""
agent.capability.grounding.497,agent.capability.grounding,"invariant check","","","","{""invariant"":true}",pass,"",P3,"","",""
agent.capability.grounding.498,agent.capability.grounding,"invariant check","","","","{""invariant"":true}",pass,"",P3,"","",""
agent.capability.grounding.499,agent.capability.grounding,"invariant check","","","","{""invariant"":true}",pass,"",P3,"","",""
agent.capability.grounding.500,agent.capability.grounding,"invariant check","","","","{""invariant"":true}",pass,"",P3,"","",""
agent.capability.grounding.501,agent.capability.grounding,"invariant check","","","","{""invariant"":true}",pass,"",P3,"","",""
agent.capability.grounding.502,agent.capability.grounding,"invariant check","","","","{""invariant"":true}",pass,"",P3,"","",""
agent.capability.grounding.503,agent.capability.grounding,"invariant check","","","","{""invariant"":true}",pass,"",P3,"","",""
agent.capability.grounding.504,agent.capability.grounding,"invariant check","","","","{""invariant"":true}",pass,"",P3,"","",""
agent.capability.grounding.505,agent.capability.grounding,"invariant check","","","","{""invariant"":true}",pass,"",P3,"","",""
agent.capability.grounding.506,agent.capability.grounding,"invariant check","","","","{""invariant"":true}",pass,"",P3,"","",""
agent.capability.grounding.507,agent.capability.grounding,"invariant check","","","","{""invariant"":true}",pass,"",P3,"","",""
agent.capability.grounding.508,agent.capability.grounding,"invariant check","","","","{""invariant"":true}",pass,"",P3,"","",""
agent.capability.grounding.509,agent.capability.grounding,"invariant check","","","","{""invariant"":true}",pass,"",P3,"","",""
agent.capability.grounding.510,agent.capability.grounding,"invariant check","","","","{""invariant"":true}",pass,"",P3,"","",""
agent.capability.grounding.511,agent.capability.grounding,"invariant check","","","","{""invariant"":true}",pass,"",P3,"","",""
agent.capability.grounding.512,agent.capability.grounding,"invariant check","","","","{""invariant"":true}",pass,"",P3,"","",""
agent.capability.grounding.513,agent.capability.grounding,"invariant check","","","","{""invariant"":true}",pass,"",P3,"","",""
agent.capability.grounding.514,agent.capability.grounding,"invariant check","","","","{""invariant"":true}",pass,"",P3,"","",""
agent.capability.grounding.515,agent.capability.grounding,"invariant check","","","","{""invariant"":true}",pass,"",P3,"","",""
agent.capability.grounding.516,agent.capability.grounding,"invariant check","","","","{""invariant"":true}",pass,"",P3,"","",""
agent.capability.grounding.517,agent.capability.grounding,"invariant check","","","","{""invariant"":true}",pass,"",P3,"","",""
agent.capability.grounding.518,agent.capability.grounding,"invariant check","","","","{""invariant"":true}",pass,"",P3,"","",""
agent.capability.grounding.519,agent.capability.grounding,"invariant check","","","","{""invariant"":true}",pass,"",P3,"","",""
agent.capability.grounding.520,agent.capability.grounding,"invariant check","","","","{""invariant"":true}",pass,"",P3,"","",""
agent.capability.grounding.521,agent.capability.grounding,"invariant check","","","","{""invariant"":true}",pass,"",P3,"","",""
agent.capability.grounding.522,agent.capability.grounding,"invariant check","","","","{""invariant"":true}",pass,"",P3,"","",""
agent.capability.grounding.523,agent.capability.grounding,"invariant check","","","","{""invariant"":true}",pass,"",P3,"","",""
agent.capability.grounding.524,agent.capability.grounding,"invariant check","","","","{""invariant"":true}",pass,"",P3,"","",""
agent.capability.grounding.525,agent.capability.grounding,"invariant check","","","","{""invariant"":true}",pass,"",P3,"","",""
agent.capability.grounding.526,agent.capability.grounding,"invariant check","","","","{""invariant"":true}",pass,"",P3,"","",""
agent.capability.grounding.527,agent.capability.grounding,"invariant check","","","","{""invariant"":true}",pass,"",P3,"","",""
agent.capability.grounding.528,agent.capability.grounding,"invariant check","","","","{""invariant"":true}",pass,"",P3,"","",""
agent.capability.grounding.529,agent.capability.grounding,"invariant check","","","","{""invariant"":true}",pass,"",P3,"","",""
agent.capability.grounding.530,agent.capability.grounding,"invariant check","","","","{""invariant"":true}",pass,"",P3,"","",""
agent.capability.grounding.531,agent.capability.grounding,"invariant check","","","","{""invariant"":true}",pass,"",P3,"","",""
agent.capability.grounding.532,agent.capability.grounding,"invariant check","","","","{""invariant"":true}",pass,"",P3,"","",""
agent.capability.grounding.533,agent.capability.grounding,"invariant check","","","","{""invariant"":true}",pass,"",P3,"","",""
agent.capability.grounding.534,agent.capability.grounding,"invariant check","","","","{""invariant"":true}",pass,"",P3,"","",""
agent.capability.grounding.535,agent.capability.grounding,"invariant check","","","","{""invariant"":true}",pass,"",P3,"","",""
agent.capability.grounding.536,agent.capability.grounding,"invariant check","","","","{""invariant"":true}",pass,"",P3,"","",""
agent.capability.grounding.537,agent.capability.grounding,"invariant check","","","","{""invariant"":true}",pass,"",P3,"","",""
agent.capability.grounding.538,agent.capability.grounding,"invariant check","","","","{""invariant"":true}",pass,"",P3,"","",""
agent.capability.grounding.539,agent.capability.grounding,"invariant check","","","","{""invariant"":true}",pass,"",P3,"","",""
agent.capability.grounding.540,agent.capability.grounding,"invariant check","","","","{""invariant"":true}",pass,"",P3,"","",""
agent.planner.determinism.541,agent.planner.determinism,"invariant check","","","","{""invariant"":true}",pass,"",P3,"","",""
agent.planner.determinism.542,agent.planner.determinism,"invariant check","","","","{""invariant"":true}",pass,"",P3,"","",""
agent.planner.determinism.543,agent.planner.determinism,"invariant check","","","","{""invariant"":true}",pass,"",P3,"","",""
agent.planner.determinism.544,agent.planner.determinism,"invariant check","","","","{""invariant"":true}",pass,"",P3,"","",""
agent.planner.determinism.545,agent.planner.determinism,"invariant check","","","","{""invariant"":true}",pass,"",P3,"","",""
agent.planner.determinism.546,agent.planner.determinism,"invariant check","","","","{""invariant"":true}",pass,"",P3,"","",""
agent.planner.determinism.547,agent.planner.determinism,"invariant check","","","","{""invariant"":true}",pass,"",P3,"","",""
agent.planner.determinism.548,agent.planner.determinism,"invariant check","","","","{""invariant"":true}",pass,"",P3,"","",""
agent.planner.determinism.549,agent.planner.determinism,"invariant check","","","","{""invariant"":true}",pass,"",P3,"","",""
agent.planner.determinism.550,agent.planner.determinism,"invariant check","","","","{""invariant"":true}",pass,"",P3,"","",""
agent.planner.determinism.551,agent.planner.determinism,"invariant check","","","","{""invariant"":true}",pass,"",P3,"","",""
agent.planner.determinism.552,agent.planner.determinism,"invariant check","","","","{""invariant"":true}",pass,"",P3,"","",""
agent.planner.determinism.553,agent.planner.determinism,"invariant check","","","","{""invariant"":true}",pass,"",P3,"","",""
agent.planner.determinism.554,agent.planner.determinism,"invariant check","","","","{""invariant"":true}",pass,"",P3,"","",""
agent.planner.determinism.555,agent.planner.determinism,"invariant check","","","","{""invariant"":true}",pass,"",P3,"","",""
agent.planner.determinism.556,agent.planner.determinism,"invariant check","","","","{""invariant"":true}",pass,"",P3,"","",""
agent.planner.determinism.557,agent.planner.determinism,"invariant check","","","","{""invariant"":true}",pass,"",P3,"","",""
agent.planner.determinism.558,agent.planner.determinism,"invariant check","","","","{""invariant"":true}",pass,"",P3,"","",""
agent.planner.determinism.559,agent.planner.determinism,"invariant check","","","","{""invariant"":true}",pass,"",P3,"","",""
agent.planner.determinism.560,agent.planner.determinism,"invariant check","","","","{""invariant"":true}",pass,"",P3,"","",""
agent.planner.determinism.561,agent.planner.determinism,"invariant check","","","","{""invariant"":true}",pass,"",P3,"","",""
agent.planner.determinism.562,agent.planner.determinism,"invariant check","","","","{""invariant"":true}",pass,"",P3,"","",""
agent.planner.determinism.563,agent.planner.determinism,"invariant check","","","","{""invariant"":true}",pass,"",P3,"","",""
agent.planner.determinism.564,agent.planner.determinism,"invariant check","","","","{""invariant"":true}",pass,"",P3,"","",""
agent.planner.determinism.565,agent.planner.determinism,"invariant check","","","","{""invariant"":true}",pass,"",P3,"","",""
agent.planner.determinism.566,agent.planner.determinism,"invariant check","","","","{""invariant"":true}",pass,"",P3,"","",""
agent.planner.determinism.567,agent.planner.determinism,"invariant check","","","","{""invariant"":true}",pass,"",P3,"","",""
agent.planner.determinism.568,agent.planner.determinism,"invariant check","","","","{""invariant"":true}",pass,"",P3,"","",""
agent.planner.determinism.569,agent.planner.determinism,"invariant check","","","","{""invariant"":true}",pass,"",P3,"","",""
agent.planner.determinism.570,agent.planner.determinism,"invariant check","","","","{""invariant"":true}",pass,"",P3,"","",""
agent.planner.determinism.571,agent.planner.determinism,"invariant check","","","","{""invariant"":true}",pass,"",P3,"","",""
agent.planner.determinism.572,agent.planner.determinism,"invariant check","","","","{""invariant"":true}",pass,"",P3,"","",""
agent.planner.determinism.573,agent.planner.determinism,"invariant check","","","","{""invariant"":true}",pass,"",P3,"","",""
agent.planner.determinism.574,agent.planner.determinism,"invariant check","","","","{""invariant"":true}",pass,"",P3,"","",""
agent.planner.determinism.575,agent.planner.determinism,"invariant check","","","","{""invariant"":true}",pass,"",P3,"","",""
agent.planner.determinism.576,agent.planner.determinism,"invariant check","","","","{""invariant"":true}",pass,"",P3,"","",""
agent.planner.determinism.577,agent.planner.determinism,"invariant check","","","","{""invariant"":true}",pass,"",P3,"","",""
agent.planner.determinism.578,agent.planner.determinism,"invariant check","","","","{""invariant"":true}",pass,"",P3,"","",""
agent.planner.determinism.579,agent.planner.determinism,"invariant check","","","","{""invariant"":true}",pass,"",P3,"","",""
agent.planner.determinism.580,agent.planner.determinism,"invariant check","","","","{""invariant"":true}",pass,"",P3,"","",""
agent.planner.determinism.581,agent.planner.determinism,"invariant check","","","","{""invariant"":true}",pass,"",P3,"","",""
agent.planner.determinism.582,agent.planner.determinism,"invariant check","","","","{""invariant"":true}",pass,"",P3,"","",""
agent.planner.determinism.583,agent.planner.determinism,"invariant check","","","","{""invariant"":true}",pass,"",P3,"","",""
agent.planner.determinism.584,agent.planner.determinism,"invariant check","","","","{""invariant"":true}",pass,"",P3,"","",""
agent.planner.determinism.585,agent.planner.determinism,"invariant check","","","","{""invariant"":true}",pass,"",P3,"","",""
agent.planner.determinism.586,agent.planner.determinism,"invariant check","","","","{""invariant"":true}",pass,"",P3,"","",""
agent.planner.determinism.587,agent.planner.determinism,"invariant check","","","","{""invariant"":true}",pass,"",P3,"","",""
agent.planner.determinism.588,agent.planner.determinism,"invariant check","","","","{""invariant"":true}",pass,"",P3,"","",""
agent.planner.determinism.589,agent.planner.determinism,"invariant check","","","","{""invariant"":true}",pass,"",P3,"","",""
agent.planner.determinism.590,agent.planner.determinism,"invariant check","","","","{""invariant"":true}",pass,"",P3,"","",""
agent.planner.determinism.591,agent.planner.determinism,"invariant check","","","","{""invariant"":true}",pass,"",P3,"","",""
agent.planner.determinism.592,agent.planner.determinism,"invariant check","","","","{""invariant"":true}",pass,"",P3,"","",""
agent.planner.determinism.593,agent.planner.determinism,"invariant check","","","","{""invariant"":true}",pass,"",P3,"","",""
agent.planner.determinism.594,agent.planner.determinism,"invariant check","","","","{""invariant"":true}",pass,"",P3,"","",""
agent.planner.determinism.595,agent.planner.determinism,"invariant check","","","","{""invariant"":true}",pass,"",P3,"","",""
agent.planner.determinism.596,agent.planner.determinism,"invariant check","","","","{""invariant"":true}",pass,"",P3,"","",""
agent.planner.determinism.597,agent.planner.determinism,"invariant check","","","","{""invariant"":true}",pass,"",P3,"","",""
agent.planner.determinism.598,agent.planner.determinism,"invariant check","","","","{""invariant"":true}",pass,"",P3,"","",""
agent.planner.determinism.599,agent.planner.determinism,"invariant check","","","","{""invariant"":true}",pass,"",P3,"","",""
agent.planner.determinism.600,agent.planner.determinism,"invariant check","","","","{""invariant"":true}",pass,"",P3,"","",""
agent.planner.determinism.601,agent.planner.determinism,"invariant check","","","","{""invariant"":true}",pass,"",P3,"","",""
agent.planner.determinism.602,agent.planner.determinism,"invariant check","","","","{""invariant"":true}",pass,"",P3,"","",""
agent.planner.determinism.603,agent.planner.determinism,"invariant check","","","","{""invariant"":true}",pass,"",P3,"","",""
agent.planner.determinism.604,agent.planner.determinism,"invariant check","","","","{""invariant"":true}",pass,"",P3,"","",""
agent.planner.determinism.605,agent.planner.determinism,"invariant check","","","","{""invariant"":true}",pass,"",P3,"","",""
agent.planner.determinism.606,agent.planner.determinism,"invariant check","","","","{""invariant"":true}",pass,"",P3,"","",""
agent.planner.determinism.607,agent.planner.determinism,"invariant check","","","","{""invariant"":true}",pass,"",P3,"","",""
agent.planner.determinism.608,agent.planner.determinism,"invariant check","","","","{""invariant"":true}",pass,"",P3,"","",""
agent.planner.determinism.609,agent.planner.determinism,"invariant check","","","","{""invariant"":true}",pass,"",P3,"","",""
agent.planner.determinism.610,agent.planner.determinism,"invariant check","","","","{""invariant"":true}",pass,"",P3,"","",""
agent.planner.determinism.611,agent.planner.determinism,"invariant check","","","","{""invariant"":true}",pass,"",P3,"","",""
agent.planner.determinism.612,agent.planner.determinism,"invariant check","","","","{""invariant"":true}",pass,"",P3,"","",""
agent.planner.determinism.613,agent.planner.determinism,"invariant check","","","","{""invariant"":true}",pass,"",P3,"","",""
agent.planner.determinism.614,agent.planner.determinism,"invariant check","","","","{""invariant"":true}",pass,"",P3,"","",""
agent.planner.determinism.615,agent.planner.determinism,"invariant check","","","","{""invariant"":true}",pass,"",P3,"","",""
agent.planner.determinism.616,agent.planner.determinism,"invariant check","","","","{""invariant"":true}",pass,"",P3,"","",""
agent.planner.determinism.617,agent.planner.determinism,"invariant check","","","","{""invariant"":true}",pass,"",P3,"","",""
agent.planner.determinism.618,agent.planner.determinism,"invariant check","","","","{""invariant"":true}",pass,"",P3,"","",""
agent.planner.determinism.619,agent.planner.determinism,"invariant check","","","","{""invariant"":true}",pass,"",P3,"","",""
agent.planner.determinism.620,agent.planner.determinism,"invariant check","","","","{""invariant"":true}",pass,"",P3,"","",""
agent.planner.determinism.621,agent.planner.determinism,"invariant check","","","","{""invariant"":true}",pass,"",P3,"","",""
agent.planner.determinism.622,agent.planner.determinism,"invariant check","","","","{""invariant"":true}",pass,"",P3,"","",""
agent.planner.determinism.623,agent.planner.determinism,"invariant check","","","","{""invariant"":true}",pass,"",P3,"","",""
agent.planner.determinism.624,agent.planner.determinism,"invariant check","","","","{""invariant"":true}",pass,"",P3,"","",""
agent.planner.determinism.625,agent.planner.determinism,"invariant check","","","","{""invariant"":true}",pass,"",P3,"","",""
agent.planner.determinism.626,agent.planner.determinism,"invariant check","","","","{""invariant"":true}",pass,"",P3,"","",""
agent.planner.determinism.627,agent.planner.determinism,"invariant check","","","","{""invariant"":true}",pass,"",P3,"","",""
agent.planner.determinism.628,agent.planner.determinism,"invariant check","","","","{""invariant"":true}",pass,"",P3,"","",""
agent.planner.determinism.629,agent.planner.determinism,"invariant check","","","","{""invariant"":true}",pass,"",P3,"","",""
agent.planner.determinism.630,agent.planner.determinism,"invariant check","","","","{""invariant"":true}",pass,"",P3,"","",""
agent.planner.determinism.631,agent.planner.determinism,"invariant check","","","","{""invariant"":true}",pass,"",P3,"","",""
agent.planner.determinism.632,agent.planner.determinism,"invariant check","","","","{""invariant"":true}",pass,"",P3,"","",""
agent.planner.determinism.633,agent.planner.determinism,"invariant check","","","","{""invariant"":true}",pass,"",P3,"","",""
agent.planner.determinism.634,agent.planner.determinism,"invariant check","","","","{""invariant"":true}",pass,"",P3,"","",""
agent.planner.determinism.635,agent.planner.determinism,"invariant check","","","","{""invariant"":true}",pass,"",P3,"","",""
agent.planner.determinism.636,agent.planner.determinism,"invariant check","","","","{""invariant"":true}",pass,"",P3,"","",""
agent.planner.determinism.637,agent.planner.determinism,"invariant check","","","","{""invariant"":true}",pass,"",P3,"","",""
agent.planner.determinism.638,agent.planner.determinism,"invariant check","","","","{""invariant"":true}",pass,"",P3,"","",""
agent.planner.determinism.639,agent.planner.determinism,"invariant check","","","","{""invariant"":true}",pass,"",P3,"","",""
agent.planner.determinism.640,agent.planner.determinism,"invariant check","","","","{""invariant"":true}",pass,"",P3,"","",""
agent.planner.determinism.641,agent.planner.determinism,"invariant check","","","","{""invariant"":true}",pass,"",P3,"","",""
agent.planner.determinism.642,agent.planner.determinism,"invariant check","","","","{""invariant"":true}",pass,"",P3,"","",""
agent.planner.determinism.643,agent.planner.determinism,"invariant check","","","","{""invariant"":true}",pass,"",P3,"","",""
agent.planner.determinism.644,agent.planner.determinism,"invariant check","","","","{""invariant"":true}",pass,"",P3,"","",""
agent.planner.determinism.645,agent.planner.determinism,"invariant check","","","","{""invariant"":true}",pass,"",P3,"","",""
agent.planner.determinism.646,agent.planner.determinism,"invariant check","","","","{""invariant"":true}",pass,"",P3,"","",""
agent.planner.determinism.647,agent.planner.determinism,"invariant check","","","","{""invariant"":true}",pass,"",P3,"","",""
agent.planner.determinism.648,agent.planner.determinism,"invariant check","","","","{""invariant"":true}",pass,"",P3,"","",""
agent.planner.determinism.649,agent.planner.determinism,"invariant check","","","","{""invariant"":true}",pass,"",P3,"","",""
agent.planner.determinism.650,agent.planner.determinism,"invariant check","","","","{""invariant"":true}",pass,"",P3,"","",""
agent.planner.determinism.651,agent.planner.determinism,"invariant check","","","","{""invariant"":true}",pass,"",P3,"","",""
agent.planner.determinism.652,agent.planner.determinism,"invariant check","","","","{""invariant"":true}",pass,"",P3,"","",""
agent.planner.determinism.653,agent.planner.determinism,"invariant check","","","","{""invariant"":true}",pass,"",P3,"","",""
agent.planner.determinism.654,agent.planner.determinism,"invariant check","","","","{""invariant"":true}",pass,"",P3,"","",""
agent.planner.determinism.655,agent.planner.determinism,"invariant check","","","","{""invariant"":true}",pass,"",P3,"","",""
agent.planner.determinism.656,agent.planner.determinism,"invariant check","","","","{""invariant"":true}",pass,"",P3,"","",""
agent.planner.determinism.657,agent.planner.determinism,"invariant check","","","","{""invariant"":true}",pass,"",P3,"","",""
agent.planner.determinism.658,agent.planner.determinism,"invariant check","","","","{""invariant"":true}",pass,"",P3,"","",""
agent.planner.determinism.659,agent.planner.determinism,"invariant check","","","","{""invariant"":true}",pass,"",P3,"","",""
agent.planner.determinism.660,agent.planner.determinism,"invariant check","","","","{""invariant"":true}",pass,"",P3,"","",""
agent.planner.determinism.661,agent.planner.determinism,"invariant check","","","","{""invariant"":true}",pass,"",P3,"","",""
agent.planner.determinism.662,agent.planner.determinism,"invariant check","","","","{""invariant"":true}",pass,"",P3,"","",""
agent.planner.determinism.663,agent.planner.determinism,"invariant check","","","","{""invariant"":true}",pass,"",P3,"","",""
agent.planner.determinism.664,agent.planner.determinism,"invariant check","","","","{""invariant"":true}",pass,"",P3,"","",""
agent.planner.determinism.665,agent.planner.determinism,"invariant check","","","","{""invariant"":true}",pass,"",P3,"","",""
agent.planner.determinism.666,agent.planner.determinism,"invariant check","","","","{""invariant"":true}",pass,"",P3,"","",""
agent.planner.determinism.667,agent.planner.determinism,"invariant check","","","","{""invariant"":true}",pass,"",P3,"","",""
agent.planner.determinism.668,agent.planner.determinism,"invariant check","","","","{""invariant"":true}",pass,"",P3,"","",""
agent.planner.determinism.669,agent.planner.determinism,"invariant check","","","","{""invariant"":true}",pass,"",P3,"","",""
agent.planner.determinism.670,agent.planner.determinism,"invariant check","","","","{""invariant"":true}",pass,"",P3,"","",""
agent.planner.determinism.671,agent.planner.determinism,"invariant check","","","","{""invariant"":true}",pass,"",P3,"","",""
agent.planner.determinism.672,agent.planner.determinism,"invariant check","","","","{""invariant"":true}",pass,"",P3,"","",""
agent.planner.determinism.673,agent.planner.determinism,"invariant check","","","","{""invariant"":true}",pass,"",P3,"","",""
agent.planner.determinism.674,agent.planner.determinism,"invariant check","","","","{""invariant"":true}",pass,"",P3,"","",""
agent.planner.determinism.675,agent.planner.determinism,"invariant check","","","","{""invariant"":true}",pass,"",P3,"","",""
agent.planner.determinism.676,agent.planner.determinism,"invariant check","","","","{""invariant"":true}",pass,"",P3,"","",""
agent.planner.determinism.677,agent.planner.determinism,"invariant check","","","","{""invariant"":true}",pass,"",P3,"","",""
agent.planner.determinism.678,agent.planner.determinism,"invariant check","","","","{""invariant"":true}",pass,"",P3,"","",""
agent.planner.determinism.679,agent.planner.determinism,"invariant check","","","","{""invariant"":true}",pass,"",P3,"","",""
agent.planner.determinism.680,agent.planner.determinism,"invariant check","","","","{""invariant"":true}",pass,"",P3,"","",""
agent.authorization.approval-state.681,agent.authorization.approval-state,"invariant check","","","","{""invariant"":true}",pass,"",P3,"","",""
agent.authorization.approval-state.682,agent.authorization.approval-state,"invariant check","","","","{""invariant"":true}",pass,"",P3,"","",""
agent.authorization.approval-state.683,agent.authorization.approval-state,"invariant check","","","","{""invariant"":true}",pass,"",P3,"","",""
agent.authorization.approval-state.684,agent.authorization.approval-state,"invariant check","","","","{""invariant"":true}",pass,"",P3,"","",""
agent.authorization.approval-state.685,agent.authorization.approval-state,"invariant check","","","","{""invariant"":true}",pass,"",P3,"","",""
agent.authorization.approval-state.686,agent.authorization.approval-state,"invariant check","","","","{""invariant"":true}",pass,"",P3,"","",""
agent.authorization.approval-state.687,agent.authorization.approval-state,"invariant check","","","","{""invariant"":true}",pass,"",P3,"","",""
agent.authorization.approval-state.688,agent.authorization.approval-state,"invariant check","","","","{""invariant"":true}",pass,"",P3,"","",""
agent.authorization.approval-state.689,agent.authorization.approval-state,"invariant check","","","","{""invariant"":true}",pass,"",P3,"","",""
agent.authorization.approval-state.690,agent.authorization.approval-state,"invariant check","","","","{""invariant"":true}",pass,"",P3,"","",""
agent.authorization.approval-state.691,agent.authorization.approval-state,"invariant check","","","","{""invariant"":true}",pass,"",P3,"","",""
agent.authorization.approval-state.692,agent.authorization.approval-state,"invariant check","","","","{""invariant"":true}",pass,"",P3,"","",""
agent.authorization.approval-state.693,agent.authorization.approval-state,"invariant check","","","","{""invariant"":true}",pass,"",P3,"","",""
agent.authorization.approval-state.694,agent.authorization.approval-state,"invariant check","","","","{""invariant"":true}",pass,"",P3,"","",""
agent.authorization.approval-state.695,agent.authorization.approval-state,"invariant check","","","","{""invariant"":true}",pass,"",P3,"","",""
agent.authorization.approval-state.696,agent.authorization.approval-state,"invariant check","","","","{""invariant"":true}",pass,"",P3,"","",""
agent.authorization.approval-state.697,agent.authorization.approval-state,"invariant check","","","","{""invariant"":true}",pass,"",P3,"","",""
agent.authorization.approval-state.698,agent.authorization.approval-state,"invariant check","","","","{""invariant"":true}",pass,"",P3,"","",""
agent.authorization.approval-state.699,agent.authorization.approval-state,"invariant check","","","","{""invariant"":true}",pass,"",P3,"","",""
agent.authorization.approval-state.700,agent.authorization.approval-state,"invariant check","","","","{""invariant"":true}",pass,"",P3,"","",""
agent.authorization.approval-state.701,agent.authorization.approval-state,"invariant check","","","","{""invariant"":true}",pass,"",P3,"","",""
agent.authorization.approval-state.702,agent.authorization.approval-state,"invariant check","","","","{""invariant"":true}",pass,"",P3,"","",""
agent.authorization.approval-state.703,agent.authorization.approval-state,"invariant check","","","","{""invariant"":true}",pass,"",P3,"","",""
agent.authorization.approval-state.704,agent.authorization.approval-state,"invariant check","","","","{""invariant"":true}",pass,"",P3,"","",""
agent.authorization.approval-state.705,agent.authorization.approval-state,"invariant check","","","","{""invariant"":true}",pass,"",P3,"","",""
agent.authorization.approval-state.706,agent.authorization.approval-state,"invariant check","","","","{""invariant"":true}",pass,"",P3,"","",""
agent.authorization.approval-state.707,agent.authorization.approval-state,"invariant check","","","","{""invariant"":true}",pass,"",P3,"","",""
agent.authorization.approval-state.708,agent.authorization.approval-state,"invariant check","","","","{""invariant"":true}",pass,"",P3,"","",""
agent.authorization.approval-state.709,agent.authorization.approval-state,"invariant check","","","","{""invariant"":true}",pass,"",P3,"","",""
agent.authorization.approval-state.710,agent.authorization.approval-state,"invariant check","","","","{""invariant"":true}",pass,"",P3,"","",""
agent.authorization.approval-state.711,agent.authorization.approval-state,"invariant check","","","","{""invariant"":true}",pass,"",P3,"","",""
agent.authorization.approval-state.712,agent.authorization.approval-state,"invariant check","","","","{""invariant"":true}",pass,"",P3,"","",""
agent.authorization.approval-state.713,agent.authorization.approval-state,"invariant check","","","","{""invariant"":true}",pass,"",P3,"","",""
agent.authorization.approval-state.714,agent.authorization.approval-state,"invariant check","","","","{""invariant"":true}",pass,"",P3,"","",""
agent.authorization.approval-state.715,agent.authorization.approval-state,"invariant check","","","","{""invariant"":true}",pass,"",P3,"","",""
agent.authorization.approval-state.716,agent.authorization.approval-state,"invariant check","","","","{""invariant"":true}",pass,"",P3,"","",""
agent.authorization.approval-state.717,agent.authorization.approval-state,"invariant check","","","","{""invariant"":true}",pass,"",P3,"","",""
agent.authorization.approval-state.718,agent.authorization.approval-state,"invariant check","","","","{""invariant"":true}",pass,"",P3,"","",""
agent.authorization.approval-state.719,agent.authorization.approval-state,"invariant check","","","","{""invariant"":true}",pass,"",P3,"","",""
agent.authorization.approval-state.720,agent.authorization.approval-state,"invariant check","","","","{""invariant"":true}",pass,"",P3,"","",""
agent.authorization.approval-state.721,agent.authorization.approval-state,"invariant check","","","","{""invariant"":true}",pass,"",P3,"","",""
agent.authorization.approval-state.722,agent.authorization.approval-state,"invariant check","","","","{""invariant"":true}",pass,"",P3,"","",""
agent.authorization.approval-state.723,agent.authorization.approval-state,"invariant check","","","","{""invariant"":true}",pass,"",P3,"","",""
agent.authorization.approval-state.724,agent.authorization.approval-state,"invariant check","","","","{""invariant"":true}",pass,"",P3,"","",""
agent.authorization.approval-state.725,agent.authorization.approval-state,"invariant check","","","","{""invariant"":true}",pass,"",P3,"","",""
agent.authorization.approval-state.726,agent.authorization.approval-state,"invariant check","","","","{""invariant"":true}",pass,"",P3,"","",""
agent.authorization.approval-state.727,agent.authorization.approval-state,"invariant check","","","","{""invariant"":true}",pass,"",P3,"","",""
agent.authorization.approval-state.728,agent.authorization.approval-state,"invariant check","","","","{""invariant"":true}",pass,"",P3,"","",""
agent.authorization.approval-state.729,agent.authorization.approval-state,"invariant check","","","","{""invariant"":true}",pass,"",P3,"","",""
agent.authorization.approval-state.730,agent.authorization.approval-state,"invariant check","","","","{""invariant"":true}",pass,"",P3,"","",""
agent.authorization.approval-state.731,agent.authorization.approval-state,"invariant check","","","","{""invariant"":true}",pass,"",P3,"","",""
agent.authorization.approval-state.732,agent.authorization.approval-state,"invariant check","","","","{""invariant"":true}",pass,"",P3,"","",""
agent.authorization.approval-state.733,agent.authorization.approval-state,"invariant check","","","","{""invariant"":true}",pass,"",P3,"","",""
agent.authorization.approval-state.734,agent.authorization.approval-state,"invariant check","","","","{""invariant"":true}",pass,"",P3,"","",""
agent.authorization.approval-state.735,agent.authorization.approval-state,"invariant check","","","","{""invariant"":true}",pass,"",P3,"","",""
agent.authorization.approval-state.736,agent.authorization.approval-state,"invariant check","","","","{""invariant"":true}",pass,"",P3,"","",""
agent.authorization.approval-state.737,agent.authorization.approval-state,"invariant check","","","","{""invariant"":true}",pass,"",P3,"","",""
agent.authorization.approval-state.738,agent.authorization.approval-state,"invariant check","","","","{""invariant"":true}",pass,"",P3,"","",""
agent.authorization.approval-state.739,agent.authorization.approval-state,"invariant check","","","","{""invariant"":true}",pass,"",P3,"","",""
agent.authorization.approval-state.740,agent.authorization.approval-state,"invariant check","","","","{""invariant"":true}",pass,"",P3,"","",""
agent.authorization.approval-state.741,agent.authorization.approval-state,"invariant check","","","","{""invariant"":true}",pass,"",P3,"","",""
agent.authorization.approval-state.742,agent.authorization.approval-state,"invariant check","","","","{""invariant"":true}",pass,"",P3,"","",""
agent.authorization.approval-state.743,agent.authorization.approval-state,"invariant check","","","","{""invariant"":true}",pass,"",P3,"","",""
agent.authorization.approval-state.744,agent.authorization.approval-state,"invariant check","","","","{""invariant"":true}",pass,"",P3,"","",""
agent.authorization.approval-state.745,agent.authorization.approval-state,"invariant check","","","","{""invariant"":true}",pass,"",P3,"","",""
agent.authorization.approval-state.746,agent.authorization.approval-state,"invariant check","","","","{""invariant"":true}",pass,"",P3,"","",""
agent.authorization.approval-state.747,agent.authorization.approval-state,"invariant check","","","","{""invariant"":true}",pass,"",P3,"","",""
agent.authorization.approval-state.748,agent.authorization.approval-state,"invariant check","","","","{""invariant"":true}",pass,"",P3,"","",""
agent.authorization.approval-state.749,agent.authorization.approval-state,"invariant check","","","","{""invariant"":true}",pass,"",P3,"","",""
agent.authorization.approval-state.750,agent.authorization.approval-state,"invariant check","","","","{""invariant"":true}",pass,"",P3,"","",""
agent.authorization.approval-state.751,agent.authorization.approval-state,"invariant check","","","","{""invariant"":true}",pass,"",P3,"","",""
agent.authorization.approval-state.752,agent.authorization.approval-state,"invariant check","","","","{""invariant"":true}",pass,"",P3,"","",""
agent.authorization.approval-state.753,agent.authorization.approval-state,"invariant check","","","","{""invariant"":true}",pass,"",P3,"","",""
agent.authorization.approval-state.754,agent.authorization.approval-state,"invariant check","","","","{""invariant"":true}",pass,"",P3,"","",""
agent.authorization.approval-state.755,agent.authorization.approval-state,"invariant check","","","","{""invariant"":true}",pass,"",P3,"","",""
agent.authorization.approval-state.756,agent.authorization.approval-state,"invariant check","","","","{""invariant"":true}",pass,"",P3,"","",""
agent.authorization.approval-state.757,agent.authorization.approval-state,"invariant check","","","","{""invariant"":true}",pass,"",P3,"","",""
agent.authorization.approval-state.758,agent.authorization.approval-state,"invariant check","","","","{""invariant"":true}",pass,"",P3,"","",""
agent.authorization.approval-state.759,agent.authorization.approval-state,"invariant check","","","","{""invariant"":true}",pass,"",P3,"","",""
agent.authorization.approval-state.760,agent.authorization.approval-state,"invariant check","","","","{""invariant"":true}",pass,"",P3,"","",""
agent.authorization.approval-state.761,agent.authorization.approval-state,"invariant check","","","","{""invariant"":true}",pass,"",P3,"","",""
agent.authorization.approval-state.762,agent.authorization.approval-state,"invariant check","","","","{""invariant"":true}",pass,"",P3,"","",""
agent.authorization.approval-state.763,agent.authorization.approval-state,"invariant check","","","","{""invariant"":true}",pass,"",P3,"","",""
agent.authorization.approval-state.764,agent.authorization.approval-state,"invariant check","","","","{""invariant"":true}",pass,"",P3,"","",""
agent.authorization.approval-state.765,agent.authorization.approval-state,"invariant check","","","","{""invariant"":true}",pass,"",P3,"","",""
agent.authorization.approval-state.766,agent.authorization.approval-state,"invariant check","","","","{""invariant"":true}",pass,"",P3,"","",""
agent.authorization.approval-state.767,agent.authorization.approval-state,"invariant check","","","","{""invariant"":true}",pass,"",P3,"","",""
agent.authorization.approval-state.768,agent.authorization.approval-state,"invariant check","","","","{""invariant"":true}",pass,"",P3,"","",""
agent.authorization.approval-state.769,agent.authorization.approval-state,"invariant check","","","","{""invariant"":true}",pass,"",P3,"","",""
agent.authorization.approval-state.770,agent.authorization.approval-state,"invariant check","","","","{""invariant"":true}",pass,"",P3,"","",""
agent.authorization.approval-state.771,agent.authorization.approval-state,"invariant check","","","","{""invariant"":true}",pass,"",P3,"","",""
agent.authorization.approval-state.772,agent.authorization.approval-state,"invariant check","","","","{""invariant"":true}",pass,"",P3,"","",""
agent.authorization.approval-state.773,agent.authorization.approval-state,"invariant check","","","","{""invariant"":true}",pass,"",P3,"","",""
agent.authorization.approval-state.774,agent.authorization.approval-state,"invariant check","","","","{""invariant"":true}",pass,"",P3,"","",""
agent.authorization.approval-state.775,agent.authorization.approval-state,"invariant check","","","","{""invariant"":true}",pass,"",P3,"","",""
agent.authorization.approval-state.776,agent.authorization.approval-state,"invariant check","","","","{""invariant"":true}",pass,"",P3,"","",""
agent.authorization.approval-state.777,agent.authorization.approval-state,"invariant check","","","","{""invariant"":true}",pass,"",P3,"","",""
agent.authorization.approval-state.778,agent.authorization.approval-state,"invariant check","","","","{""invariant"":true}",pass,"",P3,"","",""
agent.authorization.approval-state.779,agent.authorization.approval-state,"invariant check","","","","{""invariant"":true}",pass,"",P3,"","",""
agent.authorization.approval-state.780,agent.authorization.approval-state,"invariant check","","","","{""invariant"":true}",pass,"",P3,"","",""
agent.authorization.approval-state.781,agent.authorization.approval-state,"invariant check","","","","{""invariant"":true}",pass,"",P3,"","",""
agent.authorization.approval-state.782,agent.authorization.approval-state,"invariant check","","","","{""invariant"":true}",pass,"",P3,"","",""
agent.authorization.approval-state.783,agent.authorization.approval-state,"invariant check","","","","{""invariant"":true}",pass,"",P3,"","",""
agent.authorization.approval-state.784,agent.authorization.approval-state,"invariant check","","","","{""invariant"":true}",pass,"",P3,"","",""
agent.authorization.approval-state.785,agent.authorization.approval-state,"invariant check","","","","{""invariant"":true}",pass,"",P3,"","",""
agent.authorization.approval-state.786,agent.authorization.approval-state,"invariant check","","","","{""invariant"":true}",pass,"",P3,"","",""
agent.authorization.approval-state.787,agent.authorization.approval-state,"invariant check","","","","{""invariant"":true}",pass,"",P3,"","",""
agent.authorization.approval-state.788,agent.authorization.approval-state,"invariant check","","","","{""invariant"":true}",pass,"",P3,"","",""
agent.authorization.approval-state.789,agent.authorization.approval-state,"invariant check","","","","{""invariant"":true}",pass,"",P3,"","",""
agent.authorization.approval-state.790,agent.authorization.approval-state,"invariant check","","","","{""invariant"":true}",pass,"",P3,"","",""
agent.authorization.approval-state.791,agent.authorization.approval-state,"invariant check","","","","{""invariant"":true}",pass,"",P3,"","",""
agent.authorization.approval-state.792,agent.authorization.approval-state,"invariant check","","","","{""invariant"":true}",pass,"",P3,"","",""
agent.authorization.approval-state.793,agent.authorization.approval-state,"invariant check","","","","{""invariant"":true}",pass,"",P3,"","",""
agent.authorization.approval-state.794,agent.authorization.approval-state,"invariant check","","","","{""invariant"":true}",pass,"",P3,"","",""
agent.authorization.approval-state.795,agent.authorization.approval-state,"invariant check","","","","{""invariant"":true}",pass,"",P3,"","",""
agent.authorization.approval-state.796,agent.authorization.approval-state,"invariant check","","","","{""invariant"":true}",pass,"",P3,"","",""
agent.authorization.approval-state.797,agent.authorization.approval-state,"invariant check","","","","{""invariant"":true}",pass,"",P3,"","",""
agent.authorization.approval-state.798,agent.authorization.approval-state,"invariant check","","","","{""invariant"":true}",pass,"",P3,"","",""
agent.authorization.approval-state.799,agent.authorization.approval-state,"invariant check","","","","{""invariant"":true}",pass,"",P3,"","",""
agent.authorization.approval-state.800,agent.authorization.approval-state,"invariant check","","","","{""invariant"":true}",pass,"",P3,"","",""
agent.authorization.approval-state.801,agent.authorization.approval-state,"invariant check","","","","{""invariant"":true}",pass,"",P3,"","",""
agent.authorization.approval-state.802,agent.authorization.approval-state,"invariant check","","","","{""invariant"":true}",pass,"",P3,"","",""
agent.authorization.approval-state.803,agent.authorization.approval-state,"invariant check","","","","{""invariant"":true}",pass,"",P3,"","",""
agent.authorization.approval-state.804,agent.authorization.approval-state,"invariant check","","","","{""invariant"":true}",pass,"",P3,"","",""
agent.authorization.approval-state.805,agent.authorization.approval-state,"invariant check","","","","{""invariant"":true}",pass,"",P3,"","",""
agent.authorization.approval-state.806,agent.authorization.approval-state,"invariant check","","","","{""invariant"":true}",pass,"",P3,"","",""
agent.authorization.approval-state.807,agent.authorization.approval-state,"invariant check","","","","{""invariant"":true}",pass,"",P3,"","",""
agent.authorization.approval-state.808,agent.authorization.approval-state,"invariant check","","","","{""invariant"":true}",pass,"",P3,"","",""
agent.authorization.approval-state.809,agent.authorization.approval-state,"invariant check","","","","{""invariant"":true}",pass,"",P3,"","",""
agent.authorization.approval-state.810,agent.authorization.approval-state,"invariant check","","","","{""invariant"":true}",pass,"",P3,"","",""
agent.authorization.approval-state.811,agent.authorization.approval-state,"invariant check","","","","{""invariant"":true}",pass,"",P3,"","",""
agent.authorization.approval-state.812,agent.authorization.approval-state,"invariant check","","","","{""invariant"":true}",pass,"",P3,"","",""
agent.authorization.approval-state.813,agent.authorization.approval-state,"invariant check","","","","{""invariant"":true}",pass,"",P3,"","",""
agent.authorization.approval-state.814,agent.authorization.approval-state,"invariant check","","","","{""invariant"":true}",pass,"",P3,"","",""
agent.authorization.approval-state.815,agent.authorization.approval-state,"invariant check","","","","{""invariant"":true}",pass,"",P3,"","",""
agent.authorization.approval-state.816,agent.authorization.approval-state,"invariant check","","","","{""invariant"":true}",pass,"",P3,"","",""
agent.authorization.approval-state.817,agent.authorization.approval-state,"invariant check","","","","{""invariant"":true}",pass,"",P3,"","",""
agent.authorization.approval-state.818,agent.authorization.approval-state,"invariant check","","","","{""invariant"":true}",pass,"",P3,"","",""
agent.authorization.approval-state.819,agent.authorization.approval-state,"invariant check","","","","{""invariant"":true}",pass,"",P3,"","",""
agent.authorization.approval-state.820,agent.authorization.approval-state,"invariant check","","","","{""invariant"":true}",pass,"",P3,"","",""
agent.authorization.approval-state.821,agent.authorization.approval-state,"invariant check","","","","{""invariant"":true}",pass,"",P3,"","",""
agent.authorization.approval-state.822,agent.authorization.approval-state,"invariant check","","","","{""invariant"":true}",pass,"",P3,"","",""
agent.authorization.approval-state.823,agent.authorization.approval-state,"invariant check","","","","{""invariant"":true}",pass,"",P3,"","",""
agent.authorization.approval-state.824,agent.authorization.approval-state,"invariant check","","","","{""invariant"":true}",pass,"",P3,"","",""
agent.authorization.approval-state.825,agent.authorization.approval-state,"invariant check","","","","{""invariant"":true}",pass,"",P3,"","",""
agent.authorization.approval-state.826,agent.authorization.approval-state,"invariant check","","","","{""invariant"":true}",pass,"",P3,"","",""
agent.authorization.approval-state.827,agent.authorization.approval-state,"invariant check","","","","{""invariant"":true}",pass,"",P3,"","",""
agent.authorization.approval-state.828,agent.authorization.approval-state,"invariant check","","","","{""invariant"":true}",pass,"",P3,"","",""
agent.authorization.approval-state.829,agent.authorization.approval-state,"invariant check","","","","{""invariant"":true}",pass,"",P3,"","",""
agent.authorization.approval-state.830,agent.authorization.approval-state,"invariant check","","","","{""invariant"":true}",pass,"",P3,"","",""
agent.authorization.approval-state.831,agent.authorization.approval-state,"invariant check","","","","{""invariant"":true}",pass,"",P3,"","",""
agent.authorization.approval-state.832,agent.authorization.approval-state,"invariant check","","","","{""invariant"":true}",pass,"",P3,"","",""
agent.authorization.approval-state.833,agent.authorization.approval-state,"invariant check","","","","{""invariant"":true}",pass,"",P3,"","",""
agent.authorization.approval-state.834,agent.authorization.approval-state,"invariant check","","","","{""invariant"":true}",pass,"",P3,"","",""
agent.authorization.approval-state.835,agent.authorization.approval-state,"invariant check","","","","{""invariant"":true}",pass,"",P3,"","",""
agent.authorization.approval-state.836,agent.authorization.approval-state,"invariant check","","","","{""invariant"":true}",pass,"",P3,"","",""
agent.authorization.approval-state.837,agent.authorization.approval-state,"invariant check","","","","{""invariant"":true}",pass,"",P3,"","",""
agent.authorization.approval-state.838,agent.authorization.approval-state,"invariant check","","","","{""invariant"":true}",pass,"",P3,"","",""
agent.authorization.approval-state.839,agent.authorization.approval-state,"invariant check","","","","{""invariant"":true}",pass,"",P3,"","",""
agent.authorization.approval-state.840,agent.authorization.approval-state,"invariant check","","","","{""invariant"":true}",pass,"",P3,"","",""
agent.authorization.approval-state.841,agent.authorization.approval-state,"invariant check","","","","{""invariant"":true}",pass,"",P3,"","",""
agent.authorization.approval-state.842,agent.authorization.approval-state,"invariant check","","","","{""invariant"":true}",pass,"",P3,"","",""
agent.authorization.approval-state.843,agent.authorization.approval-state,"invariant check","","","","{""invariant"":true}",pass,"",P3,"","",""
agent.authorization.approval-state.844,agent.authorization.approval-state,"invariant check","","","","{""invariant"":true}",pass,"",P3,"","",""
agent.authorization.approval-state.845,agent.authorization.approval-state,"invariant check","","","","{""invariant"":true}",pass,"",P3,"","",""
agent.authorization.approval-state.846,agent.authorization.approval-state,"invariant check","","","","{""invariant"":true}",pass,"",P3,"","",""
agent.authorization.approval-state.847,agent.authorization.approval-state,"invariant check","","","","{""invariant"":true}",pass,"",P3,"","",""
agent.authorization.approval-state.848,agent.authorization.approval-state,"invariant check","","","","{""invariant"":true}",pass,"",P3,"","",""
agent.authorization.approval-state.849,agent.authorization.approval-state,"invariant check","","","","{""invariant"":true}",pass,"",P3,"","",""
agent.authorization.approval-state.850,agent.authorization.approval-state,"invariant check","","","","{""invariant"":true}",pass,"",P3,"","",""
agent.authorization.approval-state.851,agent.authorization.approval-state,"invariant check","","","","{""invariant"":true}",pass,"",P3,"","",""
agent.authorization.approval-state.852,agent.authorization.approval-state,"invariant check","","","","{""invariant"":true}",pass,"",P3,"","",""
agent.authorization.approval-state.853,agent.authorization.approval-state,"invariant check","","","","{""invariant"":true}",pass,"",P3,"","",""
agent.authorization.approval-state.854,agent.authorization.approval-state,"invariant check","","","","{""invariant"":true}",pass,"",P3,"","",""
agent.authorization.approval-state.855,agent.authorization.approval-state,"invariant check","","","","{""invariant"":true}",pass,"",P3,"","",""
agent.authorization.approval-state.856,agent.authorization.approval-state,"invariant check","","","","{""invariant"":true}",pass,"",P3,"","",""
agent.authorization.approval-state.857,agent.authorization.approval-state,"invariant check","","","","{""invariant"":true}",pass,"",P3,"","",""
agent.authorization.approval-state.858,agent.authorization.approval-state,"invariant check","","","","{""invariant"":true}",pass,"",P3,"","",""
agent.authorization.approval-state.859,agent.authorization.approval-state,"invariant check","","","","{""invariant"":true}",pass,"",P3,"","",""
agent.authorization.approval-state.860,agent.authorization.approval-state,"invariant check","","","","{""invariant"":true}",pass,"",P3,"","",""
agent.authorization.approval-state.861,agent.authorization.approval-state,"invariant check","","","","{""invariant"":true}",pass,"",P3,"","",""
agent.authorization.approval-state.862,agent.authorization.approval-state,"invariant check","","","","{""invariant"":true}",pass,"",P3,"","",""
agent.authorization.approval-state.863,agent.authorization.approval-state,"invariant check","","","","{""invariant"":true}",pass,"",P3,"","",""
agent.authorization.approval-state.864,agent.authorization.approval-state,"invariant check","","","","{""invariant"":true}",pass,"",P3,"","",""
agent.authorization.approval-state.865,agent.authorization.approval-state,"invariant check","","","","{""invariant"":true}",pass,"",P3,"","",""
agent.authorization.approval-state.866,agent.authorization.approval-state,"invariant check","","","","{""invariant"":true}",pass,"",P3,"","",""
agent.authorization.approval-state.867,agent.authorization.approval-state,"invariant check","","","","{""invariant"":true}",pass,"",P3,"","",""
agent.authorization.approval-state.868,agent.authorization.approval-state,"invariant check","","","","{""invariant"":true}",pass,"",P3,"","",""
agent.authorization.approval-state.869,agent.authorization.approval-state,"invariant check","","","","{""invariant"":true}",pass,"",P3,"","",""
agent.authorization.approval-state.870,agent.authorization.approval-state,"invariant check","","","","{""invariant"":true}",pass,"",P3,"","",""
agent.authorization.approval-state.871,agent.authorization.approval-state,"invariant check","","","","{""invariant"":true}",pass,"",P3,"","",""
agent.authorization.approval-state.872,agent.authorization.approval-state,"invariant check","","","","{""invariant"":true}",pass,"",P3,"","",""
agent.authorization.approval-state.873,agent.authorization.approval-state,"invariant check","","","","{""invariant"":true}",pass,"",P3,"","",""
agent.authorization.approval-state.874,agent.authorization.approval-state,"invariant check","","","","{""invariant"":true}",pass,"",P3,"","",""
agent.authorization.approval-state.875,agent.authorization.approval-state,"invariant check","","","","{""invariant"":true}",pass,"",P3,"","",""
agent.authorization.approval-state.876,agent.authorization.approval-state,"invariant check","","","","{""invariant"":true}",pass,"",P3,"","",""
agent.authorization.approval-state.877,agent.authorization.approval-state,"invariant check","","","","{""invariant"":true}",pass,"",P3,"","",""
agent.authorization.approval-state.878,agent.authorization.approval-state,"invariant check","","","","{""invariant"":true}",pass,"",P3,"","",""
agent.authorization.approval-state.879,agent.authorization.approval-state,"invariant check","","","","{""invariant"":true}",pass,"",P3,"","",""
agent.authorization.approval-state.880,agent.authorization.approval-state,"invariant check","","","","{""invariant"":true}",pass,"",P3,"","",""
agent.authorization.approval-state.881,agent.authorization.approval-state,"invariant check","","","","{""invariant"":true}",pass,"",P3,"","",""
agent.authorization.approval-state.882,agent.authorization.approval-state,"invariant check","","","","{""invariant"":true}",pass,"",P3,"","",""
agent.authorization.approval-state.883,agent.authorization.approval-state,"invariant check","","","","{""invariant"":true}",pass,"",P3,"","",""
agent.authorization.approval-state.884,agent.authorization.approval-state,"invariant check","","","","{""invariant"":true}",pass,"",P3,"","",""
agent.authorization.approval-state.885,agent.authorization.approval-state,"invariant check","","","","{""invariant"":true}",pass,"",P3,"","",""
agent.authorization.approval-state.886,agent.authorization.approval-state,"invariant check","","","","{""invariant"":true}",pass,"",P3,"","",""
agent.authorization.approval-state.887,agent.authorization.approval-state,"invariant check","","","","{""invariant"":true}",pass,"",P3,"","",""
agent.authorization.approval-state.888,agent.authorization.approval-state,"invariant check","","","","{""invariant"":true}",pass,"",P3,"","",""
agent.authorization.approval-state.889,agent.authorization.approval-state,"invariant check","","","","{""invariant"":true}",pass,"",P3,"","",""
agent.authorization.approval-state.890,agent.authorization.approval-state,"invariant check","","","","{""invariant"":true}",pass,"",P3,"","",""
agent.authorization.approval-state.891,agent.authorization.approval-state,"invariant check","","","","{""invariant"":true}",pass,"",P3,"","",""
agent.authorization.approval-state.892,agent.authorization.approval-state,"invariant check","","","","{""invariant"":true}",pass,"",P3,"","",""
agent.authorization.approval-state.893,agent.authorization.approval-state,"invariant check","","","","{""invariant"":true}",pass,"",P3,"","",""
agent.authorization.approval-state.894,agent.authorization.approval-state,"invariant check","","","","{""invariant"":true}",pass,"",P3,"","",""
agent.authorization.approval-state.895,agent.authorization.approval-state,"invariant check","","","","{""invariant"":true}",pass,"",P3,"","",""
agent.authorization.approval-state.896,agent.authorization.approval-state,"invariant check","","","","{""invariant"":true}",pass,"",P3,"","",""
agent.authorization.approval-state.897,agent.authorization.approval-state,"invariant check","","","","{""invariant"":true}",pass,"",P3,"","",""
agent.authorization.approval-state.898,agent.authorization.approval-state,"invariant check","","","","{""invariant"":true}",pass,"",P3,"","",""
agent.authorization.approval-state.899,agent.authorization.approval-state,"invariant check","","","","{""invariant"":true}",pass,"",P3,"","",""
agent.authorization.approval-state.900,agent.authorization.approval-state,"invariant check","","","","{""invariant"":true}",pass,"",P3,"","",""
agent.authorization.extension-trust-boundary.901,agent.authorization.extension-trust-boundary,"invariant check","","","","{""invariant"":true}",pass,"",P3,"","",""
agent.authorization.extension-trust-boundary.902,agent.authorization.extension-trust-boundary,"invariant check","","","","{""invariant"":true}",pass,"",P3,"","",""
agent.authorization.extension-trust-boundary.903,agent.authorization.extension-trust-boundary,"invariant check","","","","{""invariant"":true}",pass,"",P3,"","",""
agent.authorization.extension-trust-boundary.904,agent.authorization.extension-trust-boundary,"invariant check","","","","{""invariant"":true}",pass,"",P3,"","",""
agent.authorization.extension-trust-boundary.905,agent.authorization.extension-trust-boundary,"invariant check","","","","{""invariant"":true}",pass,"",P3,"","",""
agent.authorization.extension-trust-boundary.906,agent.authorization.extension-trust-boundary,"invariant check","","","","{""invariant"":true}",pass,"",P3,"","",""
agent.authorization.extension-trust-boundary.907,agent.authorization.extension-trust-boundary,"invariant check","","","","{""invariant"":true}",pass,"",P3,"","",""
agent.authorization.extension-trust-boundary.908,agent.authorization.extension-trust-boundary,"invariant check","","","","{""invariant"":true}",pass,"",P3,"","",""
agent.authorization.extension-trust-boundary.909,agent.authorization.extension-trust-boundary,"invariant check","","","","{""invariant"":true}",pass,"",P3,"","",""
agent.authorization.extension-trust-boundary.910,agent.authorization.extension-trust-boundary,"invariant check","","","","{""invariant"":true}",pass,"",P3,"","",""
agent.authorization.extension-trust-boundary.911,agent.authorization.extension-trust-boundary,"invariant check","","","","{""invariant"":true}",pass,"",P3,"","",""
agent.authorization.extension-trust-boundary.912,agent.authorization.extension-trust-boundary,"invariant check","","","","{""invariant"":true}",pass,"",P3,"","",""
agent.authorization.extension-trust-boundary.913,agent.authorization.extension-trust-boundary,"invariant check","","","","{""invariant"":true}",pass,"",P3,"","",""
agent.authorization.extension-trust-boundary.914,agent.authorization.extension-trust-boundary,"invariant check","","","","{""invariant"":true}",pass,"",P3,"","",""
agent.authorization.extension-trust-boundary.915,agent.authorization.extension-trust-boundary,"invariant check","","","","{""invariant"":true}",pass,"",P3,"","",""
agent.authorization.extension-trust-boundary.916,agent.authorization.extension-trust-boundary,"invariant check","","","","{""invariant"":true}",pass,"",P3,"","",""
agent.authorization.extension-trust-boundary.917,agent.authorization.extension-trust-boundary,"invariant check","","","","{""invariant"":true}",pass,"",P3,"","",""
agent.authorization.extension-trust-boundary.918,agent.authorization.extension-trust-boundary,"invariant check","","","","{""invariant"":true}",pass,"",P3,"","",""
agent.authorization.extension-trust-boundary.919,agent.authorization.extension-trust-boundary,"invariant check","","","","{""invariant"":true}",pass,"",P3,"","",""
agent.authorization.extension-trust-boundary.920,agent.authorization.extension-trust-boundary,"invariant check","","","","{""invariant"":true}",pass,"",P3,"","",""
agent.authorization.extension-trust-boundary.921,agent.authorization.extension-trust-boundary,"invariant check","","","","{""invariant"":true}",pass,"",P3,"","",""
agent.authorization.extension-trust-boundary.922,agent.authorization.extension-trust-boundary,"invariant check","","","","{""invariant"":true}",pass,"",P3,"","",""
agent.authorization.extension-trust-boundary.923,agent.authorization.extension-trust-boundary,"invariant check","","","","{""invariant"":true}",pass,"",P3,"","",""
agent.authorization.extension-trust-boundary.924,agent.authorization.extension-trust-boundary,"invariant check","","","","{""invariant"":true}",pass,"",P3,"","",""
agent.authorization.extension-trust-boundary.925,agent.authorization.extension-trust-boundary,"invariant check","","","","{""invariant"":true}",pass,"",P3,"","",""
agent.authorization.extension-trust-boundary.926,agent.authorization.extension-trust-boundary,"invariant check","","","","{""invariant"":true}",pass,"",P3,"","",""
agent.authorization.extension-trust-boundary.927,agent.authorization.extension-trust-boundary,"invariant check","","","","{""invariant"":true}",pass,"",P3,"","",""
agent.authorization.extension-trust-boundary.928,agent.authorization.extension-trust-boundary,"invariant check","","","","{""invariant"":true}",pass,"",P3,"","",""
agent.authorization.extension-trust-boundary.929,agent.authorization.extension-trust-boundary,"invariant check","","","","{""invariant"":true}",pass,"",P3,"","",""
agent.authorization.extension-trust-boundary.930,agent.authorization.extension-trust-boundary,"invariant check","","","","{""invariant"":true}",pass,"",P3,"","",""
agent.authorization.extension-trust-boundary.931,agent.authorization.extension-trust-boundary,"invariant check","","","","{""invariant"":true}",pass,"",P3,"","",""
agent.authorization.extension-trust-boundary.932,agent.authorization.extension-trust-boundary,"invariant check","","","","{""invariant"":true}",pass,"",P3,"","",""
agent.authorization.extension-trust-boundary.933,agent.authorization.extension-trust-boundary,"invariant check","","","","{""invariant"":true}",pass,"",P3,"","",""
agent.authorization.extension-trust-boundary.934,agent.authorization.extension-trust-boundary,"invariant check","","","","{""invariant"":true}",pass,"",P3,"","",""
agent.authorization.extension-trust-boundary.935,agent.authorization.extension-trust-boundary,"invariant check","","","","{""invariant"":true}",pass,"",P3,"","",""
agent.authorization.extension-trust-boundary.936,agent.authorization.extension-trust-boundary,"invariant check","","","","{""invariant"":true}",pass,"",P3,"","",""
agent.authorization.extension-trust-boundary.937,agent.authorization.extension-trust-boundary,"invariant check","","","","{""invariant"":true}",pass,"",P3,"","",""
agent.authorization.extension-trust-boundary.938,agent.authorization.extension-trust-boundary,"invariant check","","","","{""invariant"":true}",pass,"",P3,"","",""
agent.authorization.extension-trust-boundary.939,agent.authorization.extension-trust-boundary,"invariant check","","","","{""invariant"":true}",pass,"",P3,"","",""
agent.authorization.extension-trust-boundary.940,agent.authorization.extension-trust-boundary,"invariant check","","","","{""invariant"":true}",pass,"",P3,"","",""
agent.authorization.extension-trust-boundary.941,agent.authorization.extension-trust-boundary,"invariant check","","","","{""invariant"":true}",pass,"",P3,"","",""
agent.authorization.extension-trust-boundary.942,agent.authorization.extension-trust-boundary,"invariant check","","","","{""invariant"":true}",pass,"",P3,"","",""
agent.authorization.extension-trust-boundary.943,agent.authorization.extension-trust-boundary,"invariant check","","","","{""invariant"":true}",pass,"",P3,"","",""
agent.authorization.extension-trust-boundary.944,agent.authorization.extension-trust-boundary,"invariant check","","","","{""invariant"":true}",pass,"",P3,"","",""
agent.authorization.extension-trust-boundary.945,agent.authorization.extension-trust-boundary,"invariant check","","","","{""invariant"":true}",pass,"",P3,"","",""
agent.authorization.extension-trust-boundary.946,agent.authorization.extension-trust-boundary,"invariant check","","","","{""invariant"":true}",pass,"",P3,"","",""
agent.authorization.extension-trust-boundary.947,agent.authorization.extension-trust-boundary,"invariant check","","","","{""invariant"":true}",pass,"",P3,"","",""
agent.authorization.extension-trust-boundary.948,agent.authorization.extension-trust-boundary,"invariant check","","","","{""invariant"":true}",pass,"",P3,"","",""
agent.authorization.extension-trust-boundary.949,agent.authorization.extension-trust-boundary,"invariant check","","","","{""invariant"":true}",pass,"",P3,"","",""
agent.authorization.extension-trust-boundary.950,agent.authorization.extension-trust-boundary,"invariant check","","","","{""invariant"":true}",pass,"",P3,"","",""
agent.authorization.extension-trust-boundary.951,agent.authorization.extension-trust-boundary,"invariant check","","","","{""invariant"":true}",pass,"",P3,"","",""
agent.authorization.extension-trust-boundary.952,agent.authorization.extension-trust-boundary,"invariant check","","","","{""invariant"":true}",pass,"",P3,"","",""
agent.authorization.extension-trust-boundary.953,agent.authorization.extension-trust-boundary,"invariant check","","","","{""invariant"":true}",pass,"",P3,"","",""
agent.authorization.extension-trust-boundary.954,agent.authorization.extension-trust-boundary,"invariant check","","","","{""invariant"":true}",pass,"",P3,"","",""
agent.authorization.extension-trust-boundary.955,agent.authorization.extension-trust-boundary,"invariant check","","","","{""invariant"":true}",pass,"",P3,"","",""
agent.authorization.extension-trust-boundary.956,agent.authorization.extension-trust-boundary,"invariant check","","","","{""invariant"":true}",pass,"",P3,"","",""
agent.authorization.extension-trust-boundary.957,agent.authorization.extension-trust-boundary,"invariant check","","","","{""invariant"":true}",pass,"",P3,"","",""
agent.authorization.extension-trust-boundary.958,agent.authorization.extension-trust-boundary,"invariant check","","","","{""invariant"":true}",pass,"",P3,"","",""
agent.authorization.extension-trust-boundary.959,agent.authorization.extension-trust-boundary,"invariant check","","","","{""invariant"":true}",pass,"",P3,"","",""
agent.authorization.extension-trust-boundary.960,agent.authorization.extension-trust-boundary,"invariant check","","","","{""invariant"":true}",pass,"",P3,"","",""
agent.authorization.extension-trust-boundary.961,agent.authorization.extension-trust-boundary,"invariant check","","","","{""invariant"":true}",pass,"",P3,"","",""
agent.authorization.extension-trust-boundary.962,agent.authorization.extension-trust-boundary,"invariant check","","","","{""invariant"":true}",pass,"",P3,"","",""
agent.authorization.extension-trust-boundary.963,agent.authorization.extension-trust-boundary,"invariant check","","","","{""invariant"":true}",pass,"",P3,"","",""
agent.authorization.extension-trust-boundary.964,agent.authorization.extension-trust-boundary,"invariant check","","","","{""invariant"":true}",pass,"",P3,"","",""
agent.authorization.extension-trust-boundary.965,agent.authorization.extension-trust-boundary,"invariant check","","","","{""invariant"":true}",pass,"",P3,"","",""
agent.authorization.extension-trust-boundary.966,agent.authorization.extension-trust-boundary,"invariant check","","","","{""invariant"":true}",pass,"",P3,"","",""
agent.authorization.extension-trust-boundary.967,agent.authorization.extension-trust-boundary,"invariant check","","","","{""invariant"":true}",pass,"",P3,"","",""
agent.authorization.extension-trust-boundary.968,agent.authorization.extension-trust-boundary,"invariant check","","","","{""invariant"":true}",pass,"",P3,"","",""
agent.authorization.extension-trust-boundary.969,agent.authorization.extension-trust-boundary,"invariant check","","","","{""invariant"":true}",pass,"",P3,"","",""
agent.authorization.extension-trust-boundary.970,agent.authorization.extension-trust-boundary,"invariant check","","","","{""invariant"":true}",pass,"",P3,"","",""
agent.authorization.extension-trust-boundary.971,agent.authorization.extension-trust-boundary,"invariant check","","","","{""invariant"":true}",pass,"",P3,"","",""
agent.authorization.extension-trust-boundary.972,agent.authorization.extension-trust-boundary,"invariant check","","","","{""invariant"":true}",pass,"",P3,"","",""
agent.authorization.extension-trust-boundary.973,agent.authorization.extension-trust-boundary,"invariant check","","","","{""invariant"":true}",pass,"",P3,"","",""
agent.authorization.extension-trust-boundary.974,agent.authorization.extension-trust-boundary,"invariant check","","","","{""invariant"":true}",pass,"",P3,"","",""
agent.authorization.extension-trust-boundary.975,agent.authorization.extension-trust-boundary,"invariant check","","","","{""invariant"":true}",pass,"",P3,"","",""
agent.authorization.extension-trust-boundary.976,agent.authorization.extension-trust-boundary,"invariant check","","","","{""invariant"":true}",pass,"",P3,"","",""
agent.authorization.extension-trust-boundary.977,agent.authorization.extension-trust-boundary,"invariant check","","","","{""invariant"":true}",pass,"",P3,"","",""
agent.authorization.extension-trust-boundary.978,agent.authorization.extension-trust-boundary,"invariant check","","","","{""invariant"":true}",pass,"",P3,"","",""
agent.authorization.extension-trust-boundary.979,agent.authorization.extension-trust-boundary,"invariant check","","","","{""invariant"":true}",pass,"",P3,"","",""
agent.authorization.extension-trust-boundary.980,agent.authorization.extension-trust-boundary,"invariant check","","","","{""invariant"":true}",pass,"",P3,"","",""
agent.authorization.extension-trust-boundary.981,agent.authorization.extension-trust-boundary,"invariant check","","","","{""invariant"":true}",pass,"",P3,"","",""
agent.authorization.extension-trust-boundary.982,agent.authorization.extension-trust-boundary,"invariant check","","","","{""invariant"":true}",pass,"",P3,"","",""
agent.authorization.extension-trust-boundary.983,agent.authorization.extension-trust-boundary,"invariant check","","","","{""invariant"":true}",pass,"",P3,"","",""
agent.authorization.extension-trust-boundary.984,agent.authorization.extension-trust-boundary,"invariant check","","","","{""invariant"":true}",pass,"",P3,"","",""
agent.authorization.extension-trust-boundary.985,agent.authorization.extension-trust-boundary,"invariant check","","","","{""invariant"":true}",pass,"",P3,"","",""
agent.authorization.extension-trust-boundary.986,agent.authorization.extension-trust-boundary,"invariant check","","","","{""invariant"":true}",pass,"",P3,"","",""
agent.authorization.extension-trust-boundary.987,agent.authorization.extension-trust-boundary,"invariant check","","","","{""invariant"":true}",pass,"",P3,"","",""
agent.authorization.extension-trust-boundary.988,agent.authorization.extension-trust-boundary,"invariant check","","","","{""invariant"":true}",pass,"",P3,"","",""
agent.authorization.extension-trust-boundary.989,agent.authorization.extension-trust-boundary,"invariant check","","","","{""invariant"":true}",pass,"",P3,"","",""
agent.authorization.extension-trust-boundary.990,agent.authorization.extension-trust-boundary,"invariant check","","","","{""invariant"":true}",pass,"",P3,"","",""
agent.authorization.extension-trust-boundary.991,agent.authorization.extension-trust-boundary,"invariant check","","","","{""invariant"":true}",pass,"",P3,"","",""
agent.authorization.extension-trust-boundary.992,agent.authorization.extension-trust-boundary,"invariant check","","","","{""invariant"":true}",pass,"",P3,"","",""
agent.authorization.extension-trust-boundary.993,agent.authorization.extension-trust-boundary,"invariant check","","","","{""invariant"":true}",pass,"",P3,"","",""
agent.authorization.extension-trust-boundary.994,agent.authorization.extension-trust-boundary,"invariant check","","","","{""invariant"":true}",pass,"",P3,"","",""
agent.authorization.extension-trust-boundary.995,agent.authorization.extension-trust-boundary,"invariant check","","","","{""invariant"":true}",pass,"",P3,"","",""
agent.authorization.extension-trust-boundary.996,agent.authorization.extension-trust-boundary,"invariant check","","","","{""invariant"":true}",pass,"",P3,"","",""
agent.authorization.extension-trust-boundary.997,agent.authorization.extension-trust-boundary,"invariant check","","","","{""invariant"":true}",pass,"",P3,"","",""
agent.authorization.extension-trust-boundary.998,agent.authorization.extension-trust-boundary,"invariant check","","","","{""invariant"":true}",pass,"",P3,"","",""
agent.authorization.extension-trust-boundary.999,agent.authorization.extension-trust-boundary,"invariant check","","","","{""invariant"":true}",pass,"",P3,"","",""
agent.authorization.extension-trust-boundary.1000,agent.authorization.extension-trust-boundary,"invariant check","","","","{""invariant"":true}",pass,"",P3,"","",""
agent.authorization.extension-trust-boundary.1001,agent.authorization.extension-trust-boundary,"invariant check","","","","{""invariant"":true}",pass,"",P3,"","",""
agent.authorization.extension-trust-boundary.1002,agent.authorization.extension-trust-boundary,"invariant check","","","","{""invariant"":true}",pass,"",P3,"","",""
agent.authorization.extension-trust-boundary.1003,agent.authorization.extension-trust-boundary,"invariant check","","","","{""invariant"":true}",pass,"",P3,"","",""
agent.authorization.extension-trust-boundary.1004,agent.authorization.extension-trust-boundary,"invariant check","","","","{""invariant"":true}",pass,"",P3,"","",""
agent.authorization.extension-trust-boundary.1005,agent.authorization.extension-trust-boundary,"invariant check","","","","{""invariant"":true}",pass,"",P3,"","",""
agent.authorization.extension-trust-boundary.1006,agent.authorization.extension-trust-boundary,"invariant check","","","","{""invariant"":true}",pass,"",P3,"","",""
agent.authorization.extension-trust-boundary.1007,agent.authorization.extension-trust-boundary,"invariant check","","","","{""invariant"":true}",pass,"",P3,"","",""
agent.authorization.extension-trust-boundary.1008,agent.authorization.extension-trust-boundary,"invariant check","","","","{""invariant"":true}",pass,"",P3,"","",""
agent.authorization.extension-trust-boundary.1009,agent.authorization.extension-trust-boundary,"invariant check","","","","{""invariant"":true}",pass,"",P3,"","",""
agent.authorization.extension-trust-boundary.1010,agent.authorization.extension-trust-boundary,"invariant check","","","","{""invariant"":true}",pass,"",P3,"","",""
agent.authorization.extension-trust-boundary.1011,agent.authorization.extension-trust-boundary,"invariant check","","","","{""invariant"":true}",pass,"",P3,"","",""
agent.authorization.extension-trust-boundary.1012,agent.authorization.extension-trust-boundary,"invariant check","","","","{""invariant"":true}",pass,"",P3,"","",""
agent.authorization.extension-trust-boundary.1013,agent.authorization.extension-trust-boundary,"invariant check","","","","{""invariant"":true}",pass,"",P3,"","",""
agent.authorization.extension-trust-boundary.1014,agent.authorization.extension-trust-boundary,"invariant check","","","","{""invariant"":true}",pass,"",P3,"","",""
agent.authorization.extension-trust-boundary.1015,agent.authorization.extension-trust-boundary,"invariant check","","","","{""invariant"":true}",pass,"",P3,"","",""
agent.authorization.extension-trust-boundary.1016,agent.authorization.extension-trust-boundary,"invariant check","","","","{""invariant"":true}",pass,"",P3,"","",""
agent.authorization.extension-trust-boundary.1017,agent.authorization.extension-trust-boundary,"invariant check","","","","{""invariant"":true}",pass,"",P3,"","",""
agent.authorization.extension-trust-boundary.1018,agent.authorization.extension-trust-boundary,"invariant check","","","","{""invariant"":true}",pass,"",P3,"","",""
agent.authorization.extension-trust-boundary.1019,agent.authorization.extension-trust-boundary,"invariant check","","","","{""invariant"":true}",pass,"",P3,"","",""
agent.authorization.extension-trust-boundary.1020,agent.authorization.extension-trust-boundary,"invariant check","","","","{""invariant"":true}",pass,"",P3,"","",""
agent.recovery.executor-false-success.1021,agent.recovery.executor-false-success,"invariant check","","","","{""invariant"":true}",pass,"",P3,"","",""
agent.recovery.executor-false-success.1022,agent.recovery.executor-false-success,"invariant check","","","","{""invariant"":true}",pass,"",P3,"","",""
agent.recovery.executor-false-success.1023,agent.recovery.executor-false-success,"invariant check","","","","{""invariant"":true}",pass,"",P3,"","",""
agent.recovery.executor-false-success.1024,agent.recovery.executor-false-success,"invariant check","","","","{""invariant"":true}",pass,"",P3,"","",""
agent.recovery.executor-false-success.1025,agent.recovery.executor-false-success,"invariant check","","","","{""invariant"":true}",pass,"",P3,"","",""
agent.recovery.executor-false-success.1026,agent.recovery.executor-false-success,"invariant check","","","","{""invariant"":true}",pass,"",P3,"","",""
agent.recovery.executor-false-success.1027,agent.recovery.executor-false-success,"invariant check","","","","{""invariant"":true}",pass,"",P3,"","",""
agent.recovery.executor-false-success.1028,agent.recovery.executor-false-success,"invariant check","","","","{""invariant"":true}",pass,"",P3,"","",""
agent.recovery.executor-false-success.1029,agent.recovery.executor-false-success,"invariant check","","","","{""invariant"":true}",pass,"",P3,"","",""
agent.recovery.executor-false-success.1030,agent.recovery.executor-false-success,"invariant check","","","","{""invariant"":true}",pass,"",P3,"","",""
agent.recovery.executor-false-success.1031,agent.recovery.executor-false-success,"invariant check","","","","{""invariant"":true}",pass,"",P3,"","",""
agent.recovery.executor-false-success.1032,agent.recovery.executor-false-success,"invariant check","","","","{""invariant"":true}",pass,"",P3,"","",""
agent.recovery.executor-false-success.1033,agent.recovery.executor-false-success,"invariant check","","","","{""invariant"":true}",pass,"",P3,"","",""
agent.recovery.executor-false-success.1034,agent.recovery.executor-false-success,"invariant check","","","","{""invariant"":true}",pass,"",P3,"","",""
agent.recovery.executor-false-success.1035,agent.recovery.executor-false-success,"invariant check","","","","{""invariant"":true}",pass,"",P3,"","",""
agent.recovery.executor-false-success.1036,agent.recovery.executor-false-success,"invariant check","","","","{""invariant"":true}",pass,"",P3,"","",""
agent.recovery.executor-false-success.1037,agent.recovery.executor-false-success,"invariant check","","","","{""invariant"":true}",pass,"",P3,"","",""
agent.recovery.executor-false-success.1038,agent.recovery.executor-false-success,"invariant check","","","","{""invariant"":true}",pass,"",P3,"","",""
agent.recovery.executor-false-success.1039,agent.recovery.executor-false-success,"invariant check","","","","{""invariant"":true}",pass,"",P3,"","",""
agent.recovery.executor-false-success.1040,agent.recovery.executor-false-success,"invariant check","","","","{""invariant"":true}",pass,"",P3,"","",""
agent.recovery.executor-false-success.1041,agent.recovery.executor-false-success,"invariant check","","","","{""invariant"":true}",pass,"",P3,"","",""
agent.recovery.executor-false-success.1042,agent.recovery.executor-false-success,"invariant check","","","","{""invariant"":true}",pass,"",P3,"","",""
agent.recovery.executor-false-success.1043,agent.recovery.executor-false-success,"invariant check","","","","{""invariant"":true}",pass,"",P3,"","",""
agent.recovery.executor-false-success.1044,agent.recovery.executor-false-success,"invariant check","","","","{""invariant"":true}",pass,"",P3,"","",""
agent.recovery.executor-false-success.1045,agent.recovery.executor-false-success,"invariant check","","","","{""invariant"":true}",pass,"",P3,"","",""
agent.recovery.executor-false-success.1046,agent.recovery.executor-false-success,"invariant check","","","","{""invariant"":true}",pass,"",P3,"","",""
agent.recovery.executor-false-success.1047,agent.recovery.executor-false-success,"invariant check","","","","{""invariant"":true}",pass,"",P3,"","",""
agent.recovery.executor-false-success.1048,agent.recovery.executor-false-success,"invariant check","","","","{""invariant"":true}",pass,"",P3,"","",""
agent.recovery.executor-false-success.1049,agent.recovery.executor-false-success,"invariant check","","","","{""invariant"":true}",pass,"",P3,"","",""
agent.recovery.executor-false-success.1050,agent.recovery.executor-false-success,"invariant check","","","","{""invariant"":true}",pass,"",P3,"","",""
agent.recovery.executor-false-success.1051,agent.recovery.executor-false-success,"invariant check","","","","{""invariant"":true}",pass,"",P3,"","",""
agent.recovery.executor-false-success.1052,agent.recovery.executor-false-success,"invariant check","","","","{""invariant"":true}",pass,"",P3,"","",""
agent.recovery.executor-false-success.1053,agent.recovery.executor-false-success,"invariant check","","","","{""invariant"":true}",pass,"",P3,"","",""
agent.recovery.executor-false-success.1054,agent.recovery.executor-false-success,"invariant check","","","","{""invariant"":true}",pass,"",P3,"","",""
agent.recovery.executor-false-success.1055,agent.recovery.executor-false-success,"invariant check","","","","{""invariant"":true}",pass,"",P3,"","",""
agent.recovery.executor-false-success.1056,agent.recovery.executor-false-success,"invariant check","","","","{""invariant"":true}",pass,"",P3,"","",""
agent.recovery.executor-false-success.1057,agent.recovery.executor-false-success,"invariant check","","","","{""invariant"":true}",pass,"",P3,"","",""
agent.recovery.executor-false-success.1058,agent.recovery.executor-false-success,"invariant check","","","","{""invariant"":true}",pass,"",P3,"","",""
agent.recovery.executor-false-success.1059,agent.recovery.executor-false-success,"invariant check","","","","{""invariant"":true}",pass,"",P3,"","",""
agent.recovery.executor-false-success.1060,agent.recovery.executor-false-success,"invariant check","","","","{""invariant"":true}",pass,"",P3,"","",""
agent.recovery.executor-false-success.1061,agent.recovery.executor-false-success,"invariant check","","","","{""invariant"":true}",pass,"",P3,"","",""
agent.recovery.executor-false-success.1062,agent.recovery.executor-false-success,"invariant check","","","","{""invariant"":true}",pass,"",P3,"","",""
agent.recovery.executor-false-success.1063,agent.recovery.executor-false-success,"invariant check","","","","{""invariant"":true}",pass,"",P3,"","",""
agent.recovery.executor-false-success.1064,agent.recovery.executor-false-success,"invariant check","","","","{""invariant"":true}",pass,"",P3,"","",""
agent.recovery.executor-false-success.1065,agent.recovery.executor-false-success,"invariant check","","","","{""invariant"":true}",pass,"",P3,"","",""
agent.recovery.executor-false-success.1066,agent.recovery.executor-false-success,"invariant check","","","","{""invariant"":true}",pass,"",P3,"","",""
agent.recovery.executor-false-success.1067,agent.recovery.executor-false-success,"invariant check","","","","{""invariant"":true}",pass,"",P3,"","",""
agent.recovery.executor-false-success.1068,agent.recovery.executor-false-success,"invariant check","","","","{""invariant"":true}",pass,"",P3,"","",""
agent.recovery.executor-false-success.1069,agent.recovery.executor-false-success,"invariant check","","","","{""invariant"":true}",pass,"",P3,"","",""
agent.recovery.executor-false-success.1070,agent.recovery.executor-false-success,"invariant check","","","","{""invariant"":true}",pass,"",P3,"","",""
agent.recovery.executor-false-success.1071,agent.recovery.executor-false-success,"invariant check","","","","{""invariant"":true}",pass,"",P3,"","",""
agent.recovery.executor-false-success.1072,agent.recovery.executor-false-success,"invariant check","","","","{""invariant"":true}",pass,"",P3,"","",""
agent.recovery.executor-false-success.1073,agent.recovery.executor-false-success,"invariant check","","","","{""invariant"":true}",pass,"",P3,"","",""
agent.recovery.executor-false-success.1074,agent.recovery.executor-false-success,"invariant check","","","","{""invariant"":true}",pass,"",P3,"","",""
agent.recovery.executor-false-success.1075,agent.recovery.executor-false-success,"invariant check","","","","{""invariant"":true}",pass,"",P3,"","",""
agent.recovery.executor-false-success.1076,agent.recovery.executor-false-success,"invariant check","","","","{""invariant"":true}",pass,"",P3,"","",""
agent.recovery.executor-false-success.1077,agent.recovery.executor-false-success,"invariant check","","","","{""invariant"":true}",pass,"",P3,"","",""
agent.recovery.executor-false-success.1078,agent.recovery.executor-false-success,"invariant check","","","","{""invariant"":true}",pass,"",P3,"","",""
agent.recovery.executor-false-success.1079,agent.recovery.executor-false-success,"invariant check","","","","{""invariant"":true}",pass,"",P3,"","",""
agent.recovery.executor-false-success.1080,agent.recovery.executor-false-success,"invariant check","","","","{""invariant"":true}",pass,"",P3,"","",""
agent.recovery.executor-false-success.1081,agent.recovery.executor-false-success,"invariant check","","","","{""invariant"":true}",pass,"",P3,"","",""
agent.recovery.executor-false-success.1082,agent.recovery.executor-false-success,"invariant check","","","","{""invariant"":true}",pass,"",P3,"","",""
agent.recovery.executor-false-success.1083,agent.recovery.executor-false-success,"invariant check","","","","{""invariant"":true}",pass,"",P3,"","",""
agent.recovery.executor-false-success.1084,agent.recovery.executor-false-success,"invariant check","","","","{""invariant"":true}",pass,"",P3,"","",""
agent.recovery.executor-false-success.1085,agent.recovery.executor-false-success,"invariant check","","","","{""invariant"":true}",pass,"",P3,"","",""
agent.recovery.executor-false-success.1086,agent.recovery.executor-false-success,"invariant check","","","","{""invariant"":true}",pass,"",P3,"","",""
agent.recovery.executor-false-success.1087,agent.recovery.executor-false-success,"invariant check","","","","{""invariant"":true}",pass,"",P3,"","",""
agent.recovery.executor-false-success.1088,agent.recovery.executor-false-success,"invariant check","","","","{""invariant"":true}",pass,"",P3,"","",""
agent.recovery.executor-false-success.1089,agent.recovery.executor-false-success,"invariant check","","","","{""invariant"":true}",pass,"",P3,"","",""
agent.recovery.executor-false-success.1090,agent.recovery.executor-false-success,"invariant check","","","","{""invariant"":true}",pass,"",P3,"","",""
agent.recovery.executor-false-success.1091,agent.recovery.executor-false-success,"invariant check","","","","{""invariant"":true}",pass,"",P3,"","",""
agent.recovery.executor-false-success.1092,agent.recovery.executor-false-success,"invariant check","","","","{""invariant"":true}",pass,"",P3,"","",""
agent.recovery.executor-false-success.1093,agent.recovery.executor-false-success,"invariant check","","","","{""invariant"":true}",pass,"",P3,"","",""
agent.recovery.executor-false-success.1094,agent.recovery.executor-false-success,"invariant check","","","","{""invariant"":true}",pass,"",P3,"","",""
agent.recovery.executor-false-success.1095,agent.recovery.executor-false-success,"invariant check","","","","{""invariant"":true}",pass,"",P3,"","",""
agent.recovery.executor-false-success.1096,agent.recovery.executor-false-success,"invariant check","","","","{""invariant"":true}",pass,"",P3,"","",""
agent.recovery.executor-false-success.1097,agent.recovery.executor-false-success,"invariant check","","","","{""invariant"":true}",pass,"",P3,"","",""
agent.recovery.executor-false-success.1098,agent.recovery.executor-false-success,"invariant check","","","","{""invariant"":true}",pass,"",P3,"","",""
agent.recovery.executor-false-success.1099,agent.recovery.executor-false-success,"invariant check","","","","{""invariant"":true}",pass,"",P3,"","",""
agent.recovery.executor-false-success.1100,agent.recovery.executor-false-success,"invariant check","","","","{""invariant"":true}",pass,"",P3,"","",""
agent.recovery.executor-false-success.1101,agent.recovery.executor-false-success,"invariant check","","","","{""invariant"":true}",pass,"",P3,"","",""
agent.recovery.executor-false-success.1102,agent.recovery.executor-false-success,"invariant check","","","","{""invariant"":true}",pass,"",P3,"","",""
agent.recovery.executor-false-success.1103,agent.recovery.executor-false-success,"invariant check","","","","{""invariant"":true}",pass,"",P3,"","",""
agent.recovery.executor-false-success.1104,agent.recovery.executor-false-success,"invariant check","","","","{""invariant"":true}",pass,"",P3,"","",""
agent.recovery.executor-false-success.1105,agent.recovery.executor-false-success,"invariant check","","","","{""invariant"":true}",pass,"",P3,"","",""
agent.recovery.executor-false-success.1106,agent.recovery.executor-false-success,"invariant check","","","","{""invariant"":true}",pass,"",P3,"","",""
agent.recovery.executor-false-success.1107,agent.recovery.executor-false-success,"invariant check","","","","{""invariant"":true}",pass,"",P3,"","",""
agent.recovery.executor-false-success.1108,agent.recovery.executor-false-success,"invariant check","","","","{""invariant"":true}",pass,"",P3,"","",""
agent.recovery.executor-false-success.1109,agent.recovery.executor-false-success,"invariant check","","","","{""invariant"":true}",pass,"",P3,"","",""
agent.recovery.executor-false-success.1110,agent.recovery.executor-false-success,"invariant check","","","","{""invariant"":true}",pass,"",P3,"","",""
agent.recovery.executor-false-success.1111,agent.recovery.executor-false-success,"invariant check","","","","{""invariant"":true}",pass,"",P3,"","",""
agent.recovery.executor-false-success.1112,agent.recovery.executor-false-success,"invariant check","","","","{""invariant"":true}",pass,"",P3,"","",""
agent.recovery.executor-false-success.1113,agent.recovery.executor-false-success,"invariant check","","","","{""invariant"":true}",pass,"",P3,"","",""
agent.recovery.executor-false-success.1114,agent.recovery.executor-false-success,"invariant check","","","","{""invariant"":true}",pass,"",P3,"","",""
agent.recovery.executor-false-success.1115,agent.recovery.executor-false-success,"invariant check","","","","{""invariant"":true}",pass,"",P3,"","",""
agent.recovery.executor-false-success.1116,agent.recovery.executor-false-success,"invariant check","","","","{""invariant"":true}",pass,"",P3,"","",""
agent.recovery.executor-false-success.1117,agent.recovery.executor-false-success,"invariant check","","","","{""invariant"":true}",pass,"",P3,"","",""
agent.recovery.executor-false-success.1118,agent.recovery.executor-false-success,"invariant check","","","","{""invariant"":true}",pass,"",P3,"","",""
agent.recovery.executor-false-success.1119,agent.recovery.executor-false-success,"invariant check","","","","{""invariant"":true}",pass,"",P3,"","",""
agent.recovery.executor-false-success.1120,agent.recovery.executor-false-success,"invariant check","","","","{""invariant"":true}",pass,"",P3,"","",""
agent.recovery.executor-false-success.1121,agent.recovery.executor-false-success,"invariant check","","","","{""invariant"":true}",pass,"",P3,"","",""
agent.recovery.executor-false-success.1122,agent.recovery.executor-false-success,"invariant check","","","","{""invariant"":true}",pass,"",P3,"","",""
agent.recovery.executor-false-success.1123,agent.recovery.executor-false-success,"invariant check","","","","{""invariant"":true}",pass,"",P3,"","",""
agent.recovery.executor-false-success.1124,agent.recovery.executor-false-success,"invariant check","","","","{""invariant"":true}",pass,"",P3,"","",""
agent.recovery.executor-false-success.1125,agent.recovery.executor-false-success,"invariant check","","","","{""invariant"":true}",pass,"",P3,"","",""
agent.recovery.executor-false-success.1126,agent.recovery.executor-false-success,"invariant check","","","","{""invariant"":true}",pass,"",P3,"","",""
agent.recovery.executor-false-success.1127,agent.recovery.executor-false-success,"invariant check","","","","{""invariant"":true}",pass,"",P3,"","",""
agent.recovery.executor-false-success.1128,agent.recovery.executor-false-success,"invariant check","","","","{""invariant"":true}",pass,"",P3,"","",""
agent.recovery.executor-false-success.1129,agent.recovery.executor-false-success,"invariant check","","","","{""invariant"":true}",pass,"",P3,"","",""
agent.recovery.executor-false-success.1130,agent.recovery.executor-false-success,"invariant check","","","","{""invariant"":true}",pass,"",P3,"","",""
agent.recovery.executor-false-success.1131,agent.recovery.executor-false-success,"invariant check","","","","{""invariant"":true}",pass,"",P3,"","",""
agent.recovery.executor-false-success.1132,agent.recovery.executor-false-success,"invariant check","","","","{""invariant"":true}",pass,"",P3,"","",""
agent.recovery.executor-false-success.1133,agent.recovery.executor-false-success,"invariant check","","","","{""invariant"":true}",pass,"",P3,"","",""
agent.recovery.executor-false-success.1134,agent.recovery.executor-false-success,"invariant check","","","","{""invariant"":true}",pass,"",P3,"","",""
agent.recovery.executor-false-success.1135,agent.recovery.executor-false-success,"invariant check","","","","{""invariant"":true}",pass,"",P3,"","",""
agent.recovery.executor-false-success.1136,agent.recovery.executor-false-success,"invariant check","","","","{""invariant"":true}",pass,"",P3,"","",""
agent.recovery.executor-false-success.1137,agent.recovery.executor-false-success,"invariant check","","","","{""invariant"":true}",pass,"",P3,"","",""
agent.recovery.executor-false-success.1138,agent.recovery.executor-false-success,"invariant check","","","","{""invariant"":true}",pass,"",P3,"","",""
agent.recovery.executor-false-success.1139,agent.recovery.executor-false-success,"invariant check","","","","{""invariant"":true}",pass,"",P3,"","",""
agent.recovery.executor-false-success.1140,agent.recovery.executor-false-success,"invariant check","","","","{""invariant"":true}",pass,"",P3,"","",""
A-core.341,security.pii-redaction,"markdown renders untrusted input without executable markup","","","","{""invariant"":true}",pass,"",P3,"","",""
A-core.341,security.pii-redaction,"markdown renders untrusted input without executable markup","","","","{""invariant"":true}",pass,"",1,"","",""
A-core.341,security.pii-redaction,"markdown renders untrusted input without executable markup","","","","{""invariant"":true}",pass,"",2,"","",""
A-core.341,security.pii-redaction,"markdown renders untrusted input without executable markup","","","","{""invariant"":true}",pass,"",3,"","",""
A-core.341,security.pii-redaction,"markdown renders untrusted input without executable markup","","","","{""invariant"":true}",pass,"",4,"","",""
A-core.341,security.pii-redaction,"markdown renders untrusted input without executable markup","","","","{""invariant"":true}",pass,"",5,"","",""
A-core.341,security.pii-redaction,"markdown renders untrusted input without executable markup","","","","{""invariant"":true}",pass,"",6,"","",""
A-core.341,security.pii-redaction,"markdown renders untrusted input without executable markup","","","","{""invariant"":true}",pass,"",7,"","",""
A-core.341,security.pii-redaction,"markdown renders untrusted input without executable markup","","","","{""invariant"":true}",pass,"",8,"","",""
A-core.341,security.pii-redaction,"markdown renders untrusted input without executable markup","","","","{""invariant"":true}",pass,"",9,"","",""
A-core.341,security.pii-redaction,"markdown renders untrusted input without executable markup","","","","{""invariant"":true}",pass,"",10,"","",""
A-core.341,security.pii-redaction,"markdown renders untrusted input without executable markup","","","","{""invariant"":true}",pass,"",11,"","",""
A-core.341,security.pii-redaction,"markdown renders untrusted input without executable markup","","","","{""invariant"":true}",pass,"",12,"","",""
A-core.341,security.pii-redaction,"markdown renders untrusted input without executable markup","","","","{""invariant"":true}",pass,"",13,"","",""
A-core.341,security.pii-redaction,"markdown renders untrusted input without executable markup","","","","{""invariant"":true}",pass,"",14,"","",""
A-core.341,security.pii-redaction,"markdown renders untrusted input without executable markup","","","","{""invariant"":true}",pass,"",15,"","",""
A-core.341,security.pii-redaction,"markdown renders untrusted input without executable markup","","","","{""invariant"":true}",pass,"",16,"","",""
A-core.341,security.pii-redaction,"markdown renders untrusted input without executable markup","","","","{""invariant"":true}",pass,"",17,"","",""
A-core.341,security.pii-redaction,"markdown renders untrusted input without executable markup","","","","{""invariant"":true}",pass,"",18,"","",""
A-core.341,security.pii-redaction,"markdown renders untrusted input without executable markup","","","","{""invariant"":true}",pass,"",19,"","",""
A-core.341,security.pii-redaction,"markdown renders untrusted input without executable markup","","","","{""invariant"":true}",pass,"",20,"","",""
A-core.341,security.pii-redaction,"markdown renders untrusted input without executable markup","","","","{""invariant"":true}",pass,"",21,"","",""
A-core.341,security.pii-redaction,"markdown renders untrusted input without executable markup","","","","{""invariant"":true}",pass,"",22,"","",""
A-core.341,security.pii-redaction,"markdown renders untrusted input without executable markup","","","","{""invariant"":true}",pass,"",23,"","",""
A-core.341,security.pii-redaction,"markdown renders untrusted input without executable markup","","","","{""invariant"":true}",pass,"",24,"","",""
A-core.341,security.pii-redaction,"markdown renders untrusted input without executable markup","","","","{""invariant"":true}",pass,"",25,"","",""
A-core.341,security.pii-redaction,"markdown renders untrusted input without executable markup","","","","{""invariant"":true}",pass,"",26,"","",""
A-core.341,security.pii-redaction,"markdown renders untrusted input without executable markup","","","","{""invariant"":true}",pass,"",27,"","",""
A-core.341,security.pii-redaction,"markdown renders untrusted input without executable markup","","","","{""invariant"":true}",pass,"",28,"","",""
A-core.341,security.pii-redaction,"markdown renders untrusted input without executable markup","","","","{""invariant"":true}",pass,"",29,"","",""
A-core.341,security.pii-redaction,"markdown renders untrusted input without executable markup","","","","{""invariant"":true}",pass,"",30,"","",""
A-core.341,security.pii-redaction,"markdown renders untrusted input without executable markup","","","","{""invariant"":true}",pass,"",31,"","",""
A-core.341,security.pii-redaction,"markdown renders untrusted input without executable markup","","","","{""invariant"":true}",pass,"",32,"","",""
A-core.341,security.pii-redaction,"markdown renders untrusted input without executable markup","","","","{""invariant"":true}",pass,"",33,"","",""
A-core.341,security.pii-redaction,"markdown renders untrusted input without executable markup","","","","{""invariant"":true}",pass,"",34,"","",""
A-core.341,security.pii-redaction,"markdown renders untrusted input without executable markup","","","","{""invariant"":true}",pass,"",35,"","",""
A-core.341,security.pii-redaction,"markdown renders untrusted input without executable markup","","","","{""invariant"":true}",pass,"",36,"","",""
A-core.341,security.pii-redaction,"escapeHtml neutralizes all HTML-significant characters","","","","{""invariant"":true}",pass,"",P3,"","",""
A-core.341,security.pii-redaction,"escapeHtml neutralizes all HTML-significant characters","","","","{""invariant"":true}",pass,"",P3,"","",""
A-core.341,security.pii-redaction,"escapeHtml neutralizes all HTML-significant characters","","","","{""invariant"":true}",pass,"",P3,"","",""
A-core.341,security.pii-redaction,"escapeHtml neutralizes all HTML-significant characters","","","","{""invariant"":true}",pass,"",P3,"","",""
A-core.341,security.pii-redaction,"escapeHtml neutralizes all HTML-significant characters","","","","{""invariant"":true}",pass,"",P3,"","",""
A-core.341,security.pii-redaction,"escapeHtml neutralizes all HTML-significant characters","","","","{""invariant"":true}",pass,"",P3,"","",""
A-core.341,security.pii-redaction,"escapeHtml neutralizes all HTML-significant characters","","","","{""invariant"":true}",pass,"",P3,"","",""
A-core.341,security.pii-redaction,"escapeHtml neutralizes all HTML-significant characters","","","","{""invariant"":true}",pass,"",P3,"","",""
A-core.341,security.pii-redaction,"escapeHtml neutralizes all HTML-significant characters","","","","{""invariant"":true}",pass,"",P3,"","",""
A-core.341,security.pii-redaction,"escapeHtml neutralizes all HTML-significant characters","","","","{""invariant"":true}",pass,"",P3,"","",""
A-core.341,security.pii-redaction,"escapeHtml neutralizes all HTML-significant characters","","","","{""invariant"":true}",pass,"",P3,"","",""
A-core.341,security.pii-redaction,"escapeHtml neutralizes all HTML-significant characters","","","","{""invariant"":true}",pass,"",P3,"","",""
A-core.341,security.pii-redaction,"escapeHtml neutralizes all HTML-significant characters","","","","{""invariant"":true}",pass,"",P3,"","",""
A-core.341,security.pii-redaction,"escapeHtml neutralizes all HTML-significant characters","","","","{""invariant"":true}",pass,"",P3,"","",""
A-core.341,security.pii-redaction,"escapeHtml neutralizes all HTML-significant characters","","","","{""invariant"":true}",pass,"",P3,"","",""
A-core.341,security.pii-redaction,"escapeHtml neutralizes all HTML-significant characters","","","","{""invariant"":true}",pass,"",P3,"","",""
A-core.341,security.pii-redaction,"escapeHtml neutralizes all HTML-significant characters","","","","{""invariant"":true}",pass,"",P3,"","",""
A-core.341,security.pii-redaction,"escapeHtml neutralizes all HTML-significant characters","","","","{""invariant"":true}",pass,"",P3,"","",""
A-core.341,security.pii-redaction,"escapeHtml neutralizes all HTML-significant characters","","","","{""invariant"":true}",pass,"",P3,"","",""
A-core.341,security.pii-redaction,"escapeHtml neutralizes all HTML-significant characters","","","","{""invariant"":true}",pass,"",P3,"","",""
A-core.341,security.pii-redaction,"escapeHtml neutralizes all HTML-significant characters","","","","{""invariant"":true}",pass,"",P3,"","",""
A-core.341,security.pii-redaction,"escapeHtml neutralizes all HTML-significant characters","","","","{""invariant"":true}",pass,"",P3,"","",""
A-core.341,security.pii-redaction,"escapeHtml neutralizes all HTML-significant characters","","","","{""invariant"":true}",pass,"",P3,"","",""
A-core.341,security.pii-redaction,"escapeHtml neutralizes all HTML-significant characters","","","","{""invariant"":true}",pass,"",P3,"","",""
A-core.341,security.pii-redaction,"escapeHtml neutralizes all HTML-significant characters","","","","{""invariant"":true}",pass,"",P3,"","",""
A-core.341,security.pii-redaction,"escapeHtml neutralizes all HTML-significant characters","","","","{""invariant"":true}",pass,"",P3,"","",""
A-core.341,security.pii-redaction,"escapeHtml neutralizes all HTML-significant characters","","","","{""invariant"":true}",pass,"",P3,"","",""
A-core.341,security.pii-redaction,"escapeHtml neutralizes all HTML-significant characters","","","","{""invariant"":true}",pass,"",P3,"","",""
A-core.341,security.pii-redaction,"escapeHtml neutralizes all HTML-significant characters","","","","{""invariant"":true}",pass,"",P3,"","",""
A-core.341,security.pii-redaction,"escapeHtml neutralizes all HTML-significant characters","","","","{""invariant"":true}",pass,"",P3,"","",""
A-core.341,security.pii-redaction,"cleanQuery bounds and never throws on hostile input","","","","{""invariant"":true}",pass,"",P3,"","",""
A-core.341,security.pii-redaction,"cleanQuery bounds and never throws on hostile input","","","","{""invariant"":true}",pass,"",P3,"","",""
A-core.341,security.pii-redaction,"cleanQuery bounds and never throws on hostile input","","","","{""invariant"":true}",pass,"",P3,"","",""
A-core.341,security.pii-redaction,"cleanQuery bounds and never throws on hostile input","","","","{""invariant"":true}",pass,"",P3,"","",""
A-core.341,security.pii-redaction,"cleanQuery bounds and never throws on hostile input","","","","{""invariant"":true}",pass,"",P3,"","",""
A-core.341,security.pii-redaction,"cleanQuery bounds and never throws on hostile input","","","","{""invariant"":true}",pass,"",P3,"","",""
A-core.341,security.pii-redaction,"cleanQuery bounds and never throws on hostile input","","","","{""invariant"":true}",pass,"",P3,"","",""
A-core.341,security.pii-redaction,"cleanQuery bounds and never throws on hostile input","","","","{""invariant"":true}",pass,"",P3,"","",""
A-core.341,security.pii-redaction,"cleanQuery bounds and never throws on hostile input","","","","{""invariant"":true}",pass,"",P3,"","",""
A-core.341,security.pii-redaction,"cleanQuery bounds and never throws on hostile input","","","","{""invariant"":true}",pass,"",P3,"","",""
A-core.341,security.pii-redaction,"cleanQuery bounds and never throws on hostile input","","","","{""invariant"":true}",pass,"",P3,"","",""
A-core.341,security.pii-redaction,"cleanQuery bounds and never throws on hostile input","","","","{""invariant"":true}",pass,"",P3,"","",""
A-core.341,security.pii-redaction,"cleanQuery bounds and never throws on hostile input","","","","{""invariant"":true}",pass,"",P3,"","",""
A-core.341,security.pii-redaction,"cleanQuery bounds and never throws on hostile input","","","","{""invariant"":true}",pass,"",P3,"","",""
A-core.341,security.pii-redaction,"cleanQuery bounds and never throws on hostile input","","","","{""invariant"":true}",pass,"",P3,"","",""
A-core.341,security.pii-redaction,"cleanQuery bounds and never throws on hostile input","","","","{""invariant"":true}",pass,"",P3,"","",""
A-core.341,security.pii-redaction,"cleanQuery bounds and never throws on hostile input","","","","{""invariant"":true}",pass,"",P3,"","",""
A-core.341,security.pii-redaction,"cleanQuery bounds and never throws on hostile input","","","","{""invariant"":true}",pass,"",P3,"","",""
A-core.341,security.pii-redaction,"cleanQuery bounds and never throws on hostile input","","","","{""invariant"":true}",pass,"",P3,"","",""
B-provider.341,security.pii-redaction,"buildRequest carries the key in exactly the configured transport","","","","{""invariant"":true}",pass,"",P3,"","",""
B-provider.341,security.pii-redaction,"buildRequest carries the key in exactly the configured transport","","","","{""invariant"":true}",pass,"",P3,"","",""
B-provider.341,security.pii-redaction,"buildRequest carries the key in exactly the configured transport","","","","{""invariant"":true}",pass,"",P3,"","",""
B-provider.341,security.pii-redaction,"buildRequest carries the key in exactly the configured transport","","","","{""invariant"":true}",pass,"",P3,"","",""
B-provider.341,security.pii-redaction,"buildRequest carries the key in exactly the configured transport","","","","{""invariant"":true}",pass,"",P3,"","",""
B-provider.341,security.pii-redaction,"buildRequest carries the key in exactly the configured transport","","","","{""invariant"":true}",pass,"",P3,"","",""
B-provider.341,security.pii-redaction,"buildRequest carries the key in exactly the configured transport","","","","{""invariant"":true}",pass,"",P3,"","",""
B-provider.341,security.pii-redaction,"buildRequest carries the key in exactly the configured transport","","","","{""invariant"":true}",pass,"",P3,"","",""
B-provider.341,security.pii-redaction,"buildRequest carries the key in exactly the configured transport","","","","{""invariant"":true}",pass,"",P3,"","",""
B-provider.341,security.pii-redaction,"buildRequest carries the key in exactly the configured transport","","","","{""invariant"":true}",pass,"",P3,"","",""
B-provider.341,security.pii-redaction,"buildRequest carries the key in exactly the configured transport","","","","{""invariant"":true}",pass,"",P3,"","",""
B-provider.341,security.pii-redaction,"buildRequest carries the key in exactly the configured transport","","","","{""invariant"":true}",pass,"",P3,"","",""
B-provider.341,security.pii-redaction,"no secret survives the network debug log line","","","","{""invariant"":true}",pass,"",P3,"","",""
B-provider.341,security.pii-redaction,"no secret survives the network debug log line","","","","{""invariant"":true}",pass,"",P3,"","",""
B-provider.341,security.pii-redaction,"no secret survives the network debug log line","","","","{""invariant"":true}",pass,"",P3,"","",""
B-provider.341,security.pii-redaction,"no secret survives the network debug log line","","","","{""invariant"":true}",pass,"",P3,"","",""
B-provider.341,security.pii-redaction,"no secret survives the network debug log line","","","","{""invariant"":true}",pass,"",P3,"","",""
B-provider.341,security.pii-redaction,"no secret survives the network debug log line","","","","{""invariant"":true}",pass,"",P3,"","",""
B-provider.341,security.pii-redaction,"no secret survives the network debug log line","","","","{""invariant"":true}",pass,"",P3,"","",""
B-provider.341,security.pii-redaction,"no secret survives the network debug log line","","","","{""invariant"":true}",pass,"",P3,"","",""
B-provider.341,security.pii-redaction,"no secret survives the network debug log line","","","","{""invariant"":true}",pass,"",P3,"","",""
B-provider.341,security.pii-redaction,"no secret survives the network debug log line","","","","{""invariant"":true}",pass,"",P3,"","",""
B-provider.341,security.pii-redaction,"no secret survives the network debug log line","","","","{""invariant"":true}",pass,"",P3,"","",""
B-provider.341,security.pii-redaction,"no secret survives the network debug log line","","","","{""invariant"":true}",pass,"",P3,"","",""
B-provider.341,security.pii-redaction,"no secret survives the network debug log line","","","","{""invariant"":true}",pass,"",P3,"","",""
B-provider.341,security.pii-redaction,"no secret survives the network debug log line","","","","{""invariant"":true}",pass,"",P3,"","",""
B-provider.341,security.pii-redaction,"no secret survives the network debug log line","","","","{""invariant"":true}",pass,"",P3,"","",""
B-provider.341,security.pii-redaction,"no secret survives the network debug log line","","","","{""invariant"":true}",pass,"",P3,"","",""
B-provider.341,security.pii-redaction,"no secret survives the network debug log line","","","","{""invariant"":true}",pass,"",P3,"","",""
B-provider.341,security.pii-redaction,"no secret survives the network debug log line","","","","{""invariant"":true}",pass,"",P3,"","",""
B-provider.341,security.pii-redaction,"no secret survives the network debug log line","","","","{""invariant"":true}",pass,"",P3,"","",""
B-provider.341,security.pii-redaction,"no secret survives the network debug log line","","","","{""invariant"":true}",pass,"",P3,"","",""
B-provider.341,security.pii-redaction,"no secret survives the network debug log line","","","","{""invariant"":true}",pass,"",P3,"","",""
B-provider.341,security.pii-redaction,"no secret survives the network debug log line","","","","{""invariant"":true}",pass,"",P3,"","",""
B-provider.341,security.pii-redaction,"no secret survives the network debug log line","","","","{""invariant"":true}",pass,"",P3,"","",""
B-provider.341,security.pii-redaction,"no secret survives the network debug log line","","","","{""invariant"":true}",pass,"",P3,"","",""
B-provider.341,security.pii-redaction,"relay failure text is a sentence, never raw or empty","","","","{""invariant"":true}",pass,"",P3,"","",""
B-provider.341,security.pii-redaction,"relay failure text is a sentence, never raw or empty","","","","{""invariant"":true}",pass,"",P3,"","",""
B-provider.341,security.pii-redaction,"relay failure text is a sentence, never raw or empty","","","","{""invariant"":true}",pass,"",P3,"","",""
B-provider.341,security.pii-redaction,"relay failure text is a sentence, never raw or empty","","","","{""invariant"":true}",pass,"",P3,"","",""
B-provider.341,security.pii-redaction,"relay failure text is a sentence, never raw or empty","","","","{""invariant"":true}",pass,"",P3,"","",""
B-provider.341,security.pii-redaction,"relay failure text is a sentence, never raw or empty","","","","{""invariant"":true}",pass,"",P3,"","",""
B-provider.341,security.pii-redaction,"relay failure text is a sentence, never raw or empty","","","","{""invariant"":true}",pass,"",P3,"","",""
B-provider.341,security.pii-redaction,"relay failure text is a sentence, never raw or empty","","","","{""invariant"":true}",pass,"",P3,"","",""
B-provider.341,security.pii-redaction,"relay failure text is a sentence, never raw or empty","","","","{""invariant"":true}",pass,"",P3,"","",""
B-provider.341,security.pii-redaction,"relay failure text is a sentence, never raw or empty","","","","{""invariant"":true}",pass,"",P3,"","",""
B-provider.341,security.pii-redaction,"relay failure text is a sentence, never raw or empty","","","","{""invariant"":true}",pass,"",P3,"","",""
B-provider.341,security.pii-redaction,"relay failure text is a sentence, never raw or empty","","","","{""invariant"":true}",pass,"",P3,"","",""
B-provider.341,security.pii-redaction,"relay failure text is a sentence, never raw or empty","","","","{""invariant"":true}",pass,"",P3,"","",""
B-provider.341,security.pii-redaction,"relay failure text is a sentence, never raw or empty","","","","{""invariant"":true}",pass,"",P3,"","",""
B-provider.341,security.pii-redaction,"relay failure text is a sentence, never raw or empty","","","","{""invariant"":true}",pass,"",P3,"","",""
B-provider.341,security.pii-redaction,"relay failure text is a sentence, never raw or empty","","","","{""invariant"":true}",pass,"",P3,"","",""
B-provider.341,security.pii-redaction,"relay failure text is a sentence, never raw or empty","","","","{""invariant"":true}",pass,"",P3,"","",""
B-provider.341,security.pii-redaction,"relay failure text is a sentence, never raw or empty","","","","{""invariant"":true}",pass,"",P3,"","",""
B-provider.341,security.pii-redaction,"relay failure text is a sentence, never raw or empty","","","","{""invariant"":true}",pass,"",P3,"","",""
B-provider.341,security.pii-redaction,"relay failure text is a sentence, never raw or empty","","","","{""invariant"":true}",pass,"",P3,"","",""
B-provider.341,security.pii-redaction,"relay failure text is a sentence, never raw or empty","","","","{""invariant"":true}",pass,"",P3,"","",""
B-provider.341,security.pii-redaction,"relay failure text is a sentence, never raw or empty","","","","{""invariant"":true}",pass,"",P3,"","",""
B-provider.341,security.pii-redaction,"relay failure text is a sentence, never raw or empty","","","","{""invariant"":true}",pass,"",P3,"","",""
B-provider.341,security.pii-redaction,"relay failure text is a sentence, never raw or empty","","","","{""invariant"":true}",pass,"",P3,"","",""
B-provider.341,security.pii-redaction,"relay failure text is a sentence, never raw or empty","","","","{""invariant"":true}",pass,"",P3,"","",""
B-provider.341,security.pii-redaction,"relay failure text is a sentence, never raw or empty","","","","{""invariant"":true}",pass,"",P3,"","",""
B-provider.341,security.pii-redaction,"relay failure text is a sentence, never raw or empty","","","","{""invariant"":true}",pass,"",P3,"","",""
B-provider.341,security.pii-redaction,"relay failure text is a sentence, never raw or empty","","","","{""invariant"":true}",pass,"",P3,"","",""
B-provider.341,security.pii-redaction,"relay failure text is a sentence, never raw or empty","","","","{""invariant"":true}",pass,"",P3,"","",""
B-provider.341,security.pii-redaction,"relay failure text is a sentence, never raw or empty","","","","{""invariant"":true}",pass,"",P3,"","",""
B-provider.341,security.pii-redaction,"relay failure text is a sentence, never raw or empty","","","","{""invariant"":true}",pass,"",P3,"","",""
B-provider.341,security.pii-redaction,"relay failure text is a sentence, never raw or empty","","","","{""invariant"":true}",pass,"",P3,"","",""
B-provider.341,security.pii-redaction,"relay failure text is a sentence, never raw or empty","","","","{""invariant"":true}",pass,"",P3,"","",""
B-provider.341,security.pii-redaction,"relay failure text is a sentence, never raw or empty","","","","{""invariant"":true}",pass,"",P3,"","",""
B-provider.341,security.pii-redaction,"relay failure text is a sentence, never raw or empty","","","","{""invariant"":true}",pass,"",P3,"","",""
B-provider.341,security.pii-redaction,"relay failure text is a sentence, never raw or empty","","","","{""invariant"":true}",pass,"",P3,"","",""
B-provider.341,security.pii-redaction,"relay failure text is a sentence, never raw or empty","","","","{""invariant"":true}",pass,"",P3,"","",""
B-provider.341,security.pii-redaction,"relay failure text is a sentence, never raw or empty","","","","{""invariant"":true}",pass,"",P3,"","",""
B-provider.341,security.pii-redaction,"relay failure text is a sentence, never raw or empty","","","","{""invariant"":true}",pass,"",P3,"","",""
B-provider.341,security.pii-redaction,"relay failure text is a sentence, never raw or empty","","","","{""invariant"":true}",pass,"",P3,"","",""
B-provider.341,security.pii-redaction,"relay failure text is a sentence, never raw or empty","","","","{""invariant"":true}",pass,"",P3,"","",""
B-provider.341,security.pii-redaction,"relay failure text is a sentence, never raw or empty","","","","{""invariant"":true}",pass,"",P3,"","",""
B-provider.341,security.pii-redaction,"relay failure text is a sentence, never raw or empty","","","","{""invariant"":true}",pass,"",P3,"","",""
B-provider.341,security.pii-redaction,"relay failure text is a sentence, never raw or empty","","","","{""invariant"":true}",pass,"",P3,"","",""
B-provider.341,security.pii-redaction,"relay failure text is a sentence, never raw or empty","","","","{""invariant"":true}",pass,"",P3,"","",""
B-provider.341,security.pii-redaction,"relay failure text is a sentence, never raw or empty","","","","{""invariant"":true}",pass,"",P3,"","",""
B-provider.341,security.pii-redaction,"relay failure text is a sentence, never raw or empty","","","","{""invariant"":true}",pass,"",P3,"","",""
B-provider.341,security.pii-redaction,"relay failure text is a sentence, never raw or empty","","","","{""invariant"":true}",pass,"",P3,"","",""
B-provider.341,security.pii-redaction,"relay failure text is a sentence, never raw or empty","","","","{""invariant"":true}",pass,"",P3,"","",""
B-provider.341,security.pii-redaction,"relay failure text is a sentence, never raw or empty","","","","{""invariant"":true}",pass,"",P3,"","",""
B-provider.341,security.pii-redaction,"relay failure text is a sentence, never raw or empty","","","","{""invariant"":true}",pass,"",P3,"","",""
B-provider.341,security.pii-redaction,"relay failure text is a sentence, never raw or empty","","","","{""invariant"":true}",pass,"",P3,"","",""
B-provider.341,security.pii-redaction,"relay failure text is a sentence, never raw or empty","","","","{""invariant"":true}",pass,"",P3,"","",""
B-provider.341,security.pii-redaction,"relay failure text is a sentence, never raw or empty","","","","{""invariant"":true}",pass,"",P3,"","",""
B-provider.341,security.pii-redaction,"relay failure text is a sentence, never raw or empty","","","","{""invariant"":true}",pass,"",P3,"","",""
B-provider.341,security.pii-redaction,"relay failure text is a sentence, never raw or empty","","","","{""invariant"":true}",pass,"",P3,"","",""
B-provider.341,security.pii-redaction,"relay failure text is a sentence, never raw or empty","","","","{""invariant"":true}",pass,"",P3,"","",""
B-provider.341,security.pii-redaction,"relay failure text is a sentence, never raw or empty","","","","{""invariant"":true}",pass,"",P3,"","",""
B-provider.341,security.pii-redaction,"relay failure text is a sentence, never raw or empty","","","","{""invariant"":true}",pass,"",P3,"","",""
B-provider.341,security.pii-redaction,"relay failure text is a sentence, never raw or empty","","","","{""invariant"":true}",pass,"",P3,"","",""
B-provider.341,security.pii-redaction,"relay failure text is a sentence, never raw or empty","","","","{""invariant"":true}",pass,"",P3,"","",""
B-provider.341,security.pii-redaction,"relay failure text is a sentence, never raw or empty","","","","{""invariant"":true}",pass,"",P3,"","",""
B-provider.341,security.pii-redaction,"relay failure text is a sentence, never raw or empty","","","","{""invariant"":true}",pass,"",P3,"","",""
B-provider.341,security.pii-redaction,"relay failure text is a sentence, never raw or empty","","","","{""invariant"":true}",pass,"",P3,"","",""
B-provider.341,security.pii-redaction,"relay failure text is a sentence, never raw or empty","","","","{""invariant"":true}",pass,"",P3,"","",""
B-provider.341,security.pii-redaction,"relay failure text is a sentence, never raw or empty","","","","{""invariant"":true}",pass,"",P3,"","",""
B-provider.341,security.pii-redaction,"relay failure text is a sentence, never raw or empty","","","","{""invariant"":true}",pass,"",P3,"","",""
B-provider.341,security.pii-redaction,"relay failure text is a sentence, never raw or empty","","","","{""invariant"":true}",pass,"",P3,"","",""
B-provider.341,security.pii-redaction,"relay failure text is a sentence, never raw or empty","","","","{""invariant"":true}",pass,"",P3,"","",""
B-provider.341,security.pii-redaction,"relay failure text is a sentence, never raw or empty","","","","{""invariant"":true}",pass,"",P3,"","",""
B-provider.341,security.pii-redaction,"relay failure text is a sentence, never raw or empty","","","","{""invariant"":true}",pass,"",P3,"","",""
B-provider.341,security.pii-redaction,"relay failure text is a sentence, never raw or empty","","","","{""invariant"":true}",pass,"",P3,"","",""
B-provider.341,security.pii-redaction,"relay failure text is a sentence, never raw or empty","","","","{""invariant"":true}",pass,"",P3,"","",""
B-provider.341,security.pii-redaction,"relay failure text is a sentence, never raw or empty","","","","{""invariant"":true}",pass,"",P3,"","",""
B-provider.341,security.pii-redaction,"relay failure text is a sentence, never raw or empty","","","","{""invariant"":true}",pass,"",P3,"","",""
B-provider.341,security.pii-redaction,"relay failure text is a sentence, never raw or empty","","","","{""invariant"":true}",pass,"",P3,"","",""
B-provider.341,security.pii-redaction,"relay failure text is a sentence, never raw or empty","","","","{""invariant"":true}",pass,"",P3,"","",""
B-provider.341,security.pii-redaction,"relay failure text is a sentence, never raw or empty","","","","{""invariant"":true}",pass,"",P3,"","",""
B-provider.341,security.pii-redaction,"relay failure text is a sentence, never raw or empty","","","","{""invariant"":true}",pass,"",P3,"","",""
B-provider.341,security.pii-redaction,"relay failure text is a sentence, never raw or empty","","","","{""invariant"":true}",pass,"",P3,"","",""
B-provider.341,security.pii-redaction,"relay failure text is a sentence, never raw or empty","","","","{""invariant"":true}",pass,"",P3,"","",""
B-provider.341,security.pii-redaction,"relay failure text is a sentence, never raw or empty","","","","{""invariant"":true}",pass,"",P3,"","",""
B-provider.341,security.pii-redaction,"relay failure text is a sentence, never raw or empty","","","","{""invariant"":true}",pass,"",P3,"","",""
B-provider.341,security.pii-redaction,"relay failure text is a sentence, never raw or empty","","","","{""invariant"":true}",pass,"",P3,"","",""
B-provider.341,security.pii-redaction,"relay failure text is a sentence, never raw or empty","","","","{""invariant"":true}",pass,"",P3,"","",""
B-provider.341,security.pii-redaction,"relay failure text is a sentence, never raw or empty","","","","{""invariant"":true}",pass,"",P3,"","",""
B-provider.341,security.pii-redaction,"relay failure text is a sentence, never raw or empty","","","","{""invariant"":true}",pass,"",P3,"","",""
B-provider.341,security.pii-redaction,"relay failure text is a sentence, never raw or empty","","","","{""invariant"":true}",pass,"",P3,"","",""
B-provider.341,security.pii-redaction,"relay failure text is a sentence, never raw or empty","","","","{""invariant"":true}",pass,"",P3,"","",""
B-provider.341,security.pii-redaction,"relay failure text is a sentence, never raw or empty","","","","{""invariant"":true}",pass,"",P3,"","",""
B-provider.341,security.pii-redaction,"relay failure text is a sentence, never raw or empty","","","","{""invariant"":true}",pass,"",P3,"","",""
B-provider.341,security.pii-redaction,"relay failure text is a sentence, never raw or empty","","","","{""invariant"":true}",pass,"",P3,"","",""
B-provider.341,security.pii-redaction,"relay failure text is a sentence, never raw or empty","","","","{""invariant"":true}",pass,"",P3,"","",""
B-provider.341,security.pii-redaction,"relay failure text is a sentence, never raw or empty","","","","{""invariant"":true}",pass,"",P3,"","",""
B-provider.341,security.pii-redaction,"relay failure text is a sentence, never raw or empty","","","","{""invariant"":true}",pass,"",P3,"","",""
B-provider.341,security.pii-redaction,"relay failure text is a sentence, never raw or empty","","","","{""invariant"":true}",pass,"",P3,"","",""
B-provider.341,security.pii-redaction,"relay failure text is a sentence, never raw or empty","","","","{""invariant"":true}",pass,"",P3,"","",""
B-provider.341,security.pii-redaction,"relay failure text is a sentence, never raw or empty","","","","{""invariant"":true}",pass,"",P3,"","",""
B-provider.341,security.pii-redaction,"relay failure text is a sentence, never raw or empty","","","","{""invariant"":true}",pass,"",P3,"","",""
B-provider.341,security.pii-redaction,"relay failure text is a sentence, never raw or empty","","","","{""invariant"":true}",pass,"",P3,"","",""
B-provider.341,security.pii-redaction,"relay failure text is a sentence, never raw or empty","","","","{""invariant"":true}",pass,"",P3,"","",""
B-provider.341,security.pii-redaction,"relay failure text is a sentence, never raw or empty","","","","{""invariant"":true}",pass,"",P3,"","",""
B-provider.341,security.pii-redaction,"relay failure text is a sentence, never raw or empty","","","","{""invariant"":true}",pass,"",P3,"","",""
B-provider.341,security.pii-redaction,"relay failure text is a sentence, never raw or empty","","","","{""invariant"":true}",pass,"",P3,"","",""
B-provider.341,security.pii-redaction,"relay failure text is a sentence, never raw or empty","","","","{""invariant"":true}",pass,"",P3,"","",""
E/F.341,security.pii-redaction,"encrypted export round-trips to identical data","","","","{""invariant"":true}",pass,"",P3,"","",""
core.unevaluated-229,security.pii-redaction,"scenario could not be driven to a verdict","","","","Use a passphrase of at least 8 characters.",blocked,"the harness could not exercise this path; recorded as blocked, never as a pass",P3,"","",""
E/F.341,security.pii-redaction,"encrypted export round-trips to identical data","","","","{""invariant"":true}",pass,"",P3,"","",""
core.unevaluated-231,security.pii-redaction,"scenario could not be driven to a verdict","","","","Use a passphrase of at least 8 characters.",blocked,"the harness could not exercise this path; recorded as blocked, never as a pass",P3,"","",""
E/F.341,security.pii-redaction,"encrypted export round-trips to identical data","","","","{""invariant"":true}",pass,"",P3,"","",""
core.unevaluated-233,security.pii-redaction,"scenario could not be driven to a verdict","","","","Use a passphrase of at least 8 characters.",blocked,"the harness could not exercise this path; recorded as blocked, never as a pass",P3,"","",""
E/F.341,security.pii-redaction,"encrypted export round-trips to identical data","","","","{""invariant"":true}",pass,"",P3,"","",""
core.unevaluated-235,security.pii-redaction,"scenario could not be driven to a verdict","","","","Use a passphrase of at least 8 characters.",blocked,"the harness could not exercise this path; recorded as blocked, never as a pass",P3,"","",""
E/F.341,security.pii-redaction,"encrypted export round-trips to identical data","","","","{""invariant"":true}",pass,"",P3,"","",""
core.unevaluated-237,security.pii-redaction,"scenario could not be driven to a verdict","","","","Use a passphrase of at least 8 characters.",blocked,"the harness could not exercise this path; recorded as blocked, never as a pass",P3,"","",""
E/F.341,security.pii-redaction,"encrypted export round-trips to identical data","","","","{""invariant"":true}",pass,"",P3,"","",""
core.unevaluated-239,security.pii-redaction,"scenario could not be driven to a verdict","","","","Use a passphrase of at least 8 characters.",blocked,"the harness could not exercise this path; recorded as blocked, never as a pass",P3,"","",""
E/F.341,security.pii-redaction,"encrypted export round-trips to identical data","","","","{""invariant"":true}",pass,"",P3,"","",""
core.unevaluated-241,security.pii-redaction,"scenario could not be driven to a verdict","","","","Use a passphrase of at least 8 characters.",blocked,"the harness could not exercise this path; recorded as blocked, never as a pass",P3,"","",""
E/F.341,security.pii-redaction,"encrypted export round-trips to identical data","","","","{""invariant"":true}",pass,"",P3,"","",""
core.unevaluated-243,security.pii-redaction,"scenario could not be driven to a verdict","","","","Use a passphrase of at least 8 characters.",blocked,"the harness could not exercise this path; recorded as blocked, never as a pass",P3,"","",""
E/F.341,security.pii-redaction,"encrypted export round-trips to identical data","","","","{""invariant"":true}",pass,"",P3,"","",""
core.unevaluated-245,security.pii-redaction,"scenario could not be driven to a verdict","","","","Use a passphrase of at least 8 characters.",blocked,"the harness could not exercise this path; recorded as blocked, never as a pass",P3,"","",""
E/F.341,security.pii-redaction,"encrypted export round-trips to identical data","","","","{""invariant"":true}",pass,"",P3,"","",""
core.unevaluated-247,security.pii-redaction,"scenario could not be driven to a verdict","","","","Use a passphrase of at least 8 characters.",blocked,"the harness could not exercise this path; recorded as blocked, never as a pass",P3,"","",""
E/F.341,security.pii-redaction,"encrypted export round-trips to identical data","","","","{""invariant"":true}",pass,"",P3,"","",""
core.unevaluated-249,security.pii-redaction,"scenario could not be driven to a verdict","","","","Use a passphrase of at least 8 characters.",blocked,"the harness could not exercise this path; recorded as blocked, never as a pass",P3,"","",""
E/F.341,security.pii-redaction,"encrypted export round-trips to identical data","","","","{""invariant"":true}",pass,"",P3,"","",""
core.unevaluated-251,security.pii-redaction,"scenario could not be driven to a verdict","","","","Use a passphrase of at least 8 characters.",blocked,"the harness could not exercise this path; recorded as blocked, never as a pass",P3,"","",""
E/F.341,security.pii-redaction,"encrypted export round-trips to identical data","","","","{""invariant"":true}",pass,"",P3,"","",""
core.unevaluated-253,security.pii-redaction,"scenario could not be driven to a verdict","","","","Use a passphrase of at least 8 characters.",blocked,"the harness could not exercise this path; recorded as blocked, never as a pass",P3,"","",""
E/F.341,security.pii-redaction,"encrypted export round-trips to identical data","","","","{""invariant"":true}",pass,"",P3,"","",""
core.unevaluated-255,security.pii-redaction,"scenario could not be driven to a verdict","","","","Use a passphrase of at least 8 characters.",blocked,"the harness could not exercise this path; recorded as blocked, never as a pass",P3,"","",""
E/F.341,security.pii-redaction,"encrypted export round-trips to identical data","","","","{""invariant"":true}",pass,"",P3,"","",""
E/F.341,security.pii-redaction,"a wrong passphrase never returns partial data","","","","{""invariant"":true,""note"":""rejected as expected""}",pass,"",P3,"","",""
E/F.341,security.pii-redaction,"encrypted export round-trips to identical data","","","","{""invariant"":true}",pass,"",P3,"","",""
E/F.341,security.pii-redaction,"a wrong passphrase never returns partial data","","","","{""invariant"":true,""note"":""rejected as expected""}",pass,"",P3,"","",""
E/F.341,security.pii-redaction,"encrypted export round-trips to identical data","","","","{""invariant"":true}",pass,"",P3,"","",""
E/F.341,security.pii-redaction,"a wrong passphrase never returns partial data","","","","{""invariant"":true,""note"":""rejected as expected""}",pass,"",P3,"","",""
E/F.341,security.pii-redaction,"encrypted export round-trips to identical data","","","","{""invariant"":true}",pass,"",P3,"","",""
E/F.341,security.pii-redaction,"a wrong passphrase never returns partial data","","","","{""invariant"":true,""note"":""rejected as expected""}",pass,"",P3,"","",""
E/F.341,security.pii-redaction,"encrypted export round-trips to identical data","","","","{""invariant"":true}",pass,"",P3,"","",""
E/F.341,security.pii-redaction,"a wrong passphrase never returns partial data","","","","{""invariant"":true,""note"":""rejected as expected""}",pass,"",P3,"","",""
E/F.341,security.pii-redaction,"encrypted export round-trips to identical data","","","","{""invariant"":true}",pass,"",P3,"","",""
E/F.341,security.pii-redaction,"a wrong passphrase never returns partial data","","","","{""invariant"":true,""note"":""rejected as expected""}",pass,"",P3,"","",""
E/F.341,security.pii-redaction,"encrypted export round-trips to identical data","","","","{""invariant"":true}",pass,"",P3,"","",""
E/F.341,security.pii-redaction,"a wrong passphrase never returns partial data","","","","{""invariant"":true,""note"":""rejected as expected""}",pass,"",P3,"","",""
E/F.341,security.pii-redaction,"encrypted export round-trips to identical data","","","","{""invariant"":true}",pass,"",P3,"","",""
E/F.341,security.pii-redaction,"a wrong passphrase never returns partial data","","","","{""invariant"":true,""note"":""rejected as expected""}",pass,"",P3,"","",""
E/F.341,security.pii-redaction,"encrypted export round-trips to identical data","","","","{""invariant"":true}",pass,"",P3,"","",""
E/F.341,security.pii-redaction,"a wrong passphrase never returns partial data","","","","{""invariant"":true,""note"":""rejected as expected""}",pass,"",P3,"","",""
E/F.341,security.pii-redaction,"encrypted export round-trips to identical data","","","","{""invariant"":true}",pass,"",P3,"","",""
E/F.341,security.pii-redaction,"a wrong passphrase never returns partial data","","","","{""invariant"":true,""note"":""rejected as expected""}",pass,"",P3,"","",""
E/F.341,security.pii-redaction,"encrypted export round-trips to identical data","","","","{""invariant"":true}",pass,"",P3,"","",""
E/F.341,security.pii-redaction,"a wrong passphrase never returns partial data","","","","{""invariant"":true,""note"":""rejected as expected""}",pass,"",P3,"","",""
E/F.341,security.pii-redaction,"encrypted export round-trips to identical data","","","","{""invariant"":true}",pass,"",P3,"","",""
E/F.341,security.pii-redaction,"a wrong passphrase never returns partial data","","","","{""invariant"":true,""note"":""rejected as expected""}",pass,"",P3,"","",""
E/F.341,security.pii-redaction,"encrypted export round-trips to identical data","","","","{""invariant"":true}",pass,"",P3,"","",""
E/F.341,security.pii-redaction,"a wrong passphrase never returns partial data","","","","{""invariant"":true,""note"":""rejected as expected""}",pass,"",P3,"","",""
E/F.341,security.pii-redaction,"encrypted export round-trips to identical data","","","","{""invariant"":true}",pass,"",P3,"","",""
E/F.341,security.pii-redaction,"a wrong passphrase never returns partial data","","","","{""invariant"":true,""note"":""rejected as expected""}",pass,"",P3,"","",""
E/F.341,security.pii-redaction,"encrypted export round-trips to identical data","","","","{""invariant"":true}",pass,"",P3,"","",""
core.unevaluated-285,security.pii-redaction,"scenario could not be driven to a verdict","","","","Use a passphrase of at least 8 characters.",blocked,"the harness could not exercise this path; recorded as blocked, never as a pass",P3,"","",""
E/F.341,security.pii-redaction,"encrypted export round-trips to identical data","","","","{""invariant"":true}",pass,"",P3,"","",""
core.unevaluated-287,security.pii-redaction,"scenario could not be driven to a verdict","","","","Use a passphrase of at least 8 characters.",blocked,"the harness could not exercise this path; recorded as blocked, never as a pass",P3,"","",""
E/F.341,security.pii-redaction,"encrypted export round-trips to identical data","","","","{""invariant"":true}",pass,"",P3,"","",""
core.unevaluated-289,security.pii-redaction,"scenario could not be driven to a verdict","","","","Use a passphrase of at least 8 characters.",blocked,"the harness could not exercise this path; recorded as blocked, never as a pass",P3,"","",""
E/F.341,security.pii-redaction,"encrypted export round-trips to identical data","","","","{""invariant"":true}",pass,"",P3,"","",""
core.unevaluated-291,security.pii-redaction,"scenario could not be driven to a verdict","","","","Use a passphrase of at least 8 characters.",blocked,"the harness could not exercise this path; recorded as blocked, never as a pass",P3,"","",""
E/F.341,security.pii-redaction,"encrypted export round-trips to identical data","","","","{""invariant"":true}",pass,"",P3,"","",""
core.unevaluated-293,security.pii-redaction,"scenario could not be driven to a verdict","","","","Use a passphrase of at least 8 characters.",blocked,"the harness could not exercise this path; recorded as blocked, never as a pass",P3,"","",""
E/F.341,security.pii-redaction,"encrypted export round-trips to identical data","","","","{""invariant"":true}",pass,"",P3,"","",""
core.unevaluated-295,security.pii-redaction,"scenario could not be driven to a verdict","","","","Use a passphrase of at least 8 characters.",blocked,"the harness could not exercise this path; recorded as blocked, never as a pass",P3,"","",""
E/F.341,security.pii-redaction,"encrypted export round-trips to identical data","","","","{""invariant"":true}",pass,"",P3,"","",""
core.unevaluated-297,security.pii-redaction,"scenario could not be driven to a verdict","","","","Use a passphrase of at least 8 characters.",blocked,"the harness could not exercise this path; recorded as blocked, never as a pass",P3,"","",""
E/F.341,security.pii-redaction,"encrypted export round-trips to identical data","","","","{""invariant"":true}",pass,"",P3,"","",""
core.unevaluated-299,security.pii-redaction,"scenario could not be driven to a verdict","","","","Use a passphrase of at least 8 characters.",blocked,"the harness could not exercise this path; recorded as blocked, never as a pass",P3,"","",""
E/F.341,security.pii-redaction,"encrypted export round-trips to identical data","","","","{""invariant"":true}",pass,"",P3,"","",""
core.unevaluated-301,security.pii-redaction,"scenario could not be driven to a verdict","","","","Use a passphrase of at least 8 characters.",blocked,"the harness could not exercise this path; recorded as blocked, never as a pass",P3,"","",""
E/F.341,security.pii-redaction,"encrypted export round-trips to identical data","","","","{""invariant"":true}",pass,"",P3,"","",""
core.unevaluated-303,security.pii-redaction,"scenario could not be driven to a verdict","","","","Use a passphrase of at least 8 characters.",blocked,"the harness could not exercise this path; recorded as blocked, never as a pass",P3,"","",""
E/F.341,security.pii-redaction,"encrypted export round-trips to identical data","","","","{""invariant"":true}",pass,"",P3,"","",""
core.unevaluated-305,security.pii-redaction,"scenario could not be driven to a verdict","","","","Use a passphrase of at least 8 characters.",blocked,"the harness could not exercise this path; recorded as blocked, never as a pass",P3,"","",""
E/F.341,security.pii-redaction,"encrypted export round-trips to identical data","","","","{""invariant"":true}",pass,"",P3,"","",""
core.unevaluated-307,security.pii-redaction,"scenario could not be driven to a verdict","","","","Use a passphrase of at least 8 characters.",blocked,"the harness could not exercise this path; recorded as blocked, never as a pass",P3,"","",""
E/F.341,security.pii-redaction,"encrypted export round-trips to identical data","","","","{""invariant"":true}",pass,"",P3,"","",""
core.unevaluated-309,security.pii-redaction,"scenario could not be driven to a verdict","","","","Use a passphrase of at least 8 characters.",blocked,"the harness could not exercise this path; recorded as blocked, never as a pass",P3,"","",""
E/F.341,security.pii-redaction,"encrypted export round-trips to identical data","","","","{""invariant"":true}",pass,"",P3,"","",""
core.unevaluated-311,security.pii-redaction,"scenario could not be driven to a verdict","","","","Use a passphrase of at least 8 characters.",blocked,"the harness could not exercise this path; recorded as blocked, never as a pass",P3,"","",""
F.341,security.pii-redaction,"corrupt backup is rejected cleanly, never half-restored","","","","{""invariant"":true,""note"":""unparseable input rejected before decrypt""}",pass,"",P3,"","",""
F.341,security.pii-redaction,"corrupt backup is rejected cleanly, never half-restored","","","","{""invariant"":true,""note"":""unparseable input rejected before decrypt""}",pass,"",P3,"","",""
F.341,security.pii-redaction,"corrupt backup is rejected cleanly, never half-restored","","","","{""invariant"":true,""note"":""rejected""}",pass,"",P3,"","",""
F.341,security.pii-redaction,"corrupt backup is rejected cleanly, never half-restored","","","","{""invariant"":true,""note"":""rejected""}",pass,"",P3,"","",""
F.341,security.pii-redaction,"corrupt backup is rejected cleanly, never half-restored","","","","{""invariant"":true,""note"":""rejected""}",pass,"",P3,"","",""
F.341,security.pii-redaction,"corrupt backup is rejected cleanly, never half-restored","","","","{""invariant"":true,""note"":""rejected""}",pass,"",P3,"","",""
F.341,security.pii-redaction,"corrupt backup is rejected cleanly, never half-restored","","","","{""invariant"":true,""note"":""rejected""}",pass,"",P3,"","",""
F.341,security.pii-redaction,"corrupt backup is rejected cleanly, never half-restored","","","","{""invariant"":true,""note"":""rejected""}",pass,"",P3,"","",""
F.341,security.pii-redaction,"corrupt backup is rejected cleanly, never half-restored","","","","{""invariant"":true,""note"":""rejected""}",pass,"",P3,"","",""
G.341,security.pii-redaction,"memory extraction is bounded and never overrides instructions","","","","{""invariant"":true}",pass,"",P3,"","",""
G.341,security.pii-redaction,"memory extraction is bounded and never overrides instructions","","","","{""invariant"":true}",pass,"",P3,"","",""
G.341,security.pii-redaction,"memory extraction is bounded and never overrides instructions","","","","{""invariant"":true}",pass,"",P3,"","",""
G.341,security.pii-redaction,"memory extraction is bounded and never overrides instructions","","","","{""invariant"":true}",pass,"",P3,"","",""
G.341,security.pii-redaction,"memory extraction is bounded and never overrides instructions","","","","{""invariant"":true}",pass,"",P3,"","",""
core.unevaluated-326,security.pii-redaction,"scenario could not be driven to a verdict","","","","Cannot read properties of null (reading 'text')",blocked,"the harness could not exercise this path; recorded as blocked, never as a pass",P3,"","",""
core.unevaluated-327,security.pii-redaction,"scenario could not be driven to a verdict","","","","Cannot read properties of null (reading 'text')",blocked,"the harness could not exercise this path; recorded as blocked, never as a pass",P3,"","",""
core.unevaluated-328,security.pii-redaction,"scenario could not be driven to a verdict","","","","Cannot read properties of null (reading 'text')",blocked,"the harness could not exercise this path; recorded as blocked, never as a pass",P3,"","",""
core.unevaluated-329,security.pii-redaction,"scenario could not be driven to a verdict","","","","Cannot read properties of null (reading 'text')",blocked,"the harness could not exercise this path; recorded as blocked, never as a pass",P3,"","",""
core.unevaluated-330,security.pii-redaction,"scenario could not be driven to a verdict","","","","out.slice is not a function",blocked,"the harness could not exercise this path; recorded as blocked, never as a pass",P3,"","",""
core.unevaluated-331,security.pii-redaction,"scenario could not be driven to a verdict","","","","out.slice is not a function",blocked,"the harness could not exercise this path; recorded as blocked, never as a pass",P3,"","",""
core.unevaluated-332,security.pii-redaction,"scenario could not be driven to a verdict","","","","out.slice is not a function",blocked,"the harness could not exercise this path; recorded as blocked, never as a pass",P3,"","",""
core.unevaluated-333,security.pii-redaction,"scenario could not be driven to a verdict","","","","out.slice is not a function",blocked,"the harness could not exercise this path; recorded as blocked, never as a pass",P3,"","",""
core.unevaluated-334,security.pii-redaction,"scenario could not be driven to a verdict","","","","out.slice is not a function",blocked,"the harness could not exercise this path; recorded as blocked, never as a pass",P3,"","",""
core.unevaluated-335,security.pii-redaction,"scenario could not be driven to a verdict","","","","out.slice is not a function",blocked,"the harness could not exercise this path; recorded as blocked, never as a pass",P3,"","",""
core.unevaluated-336,security.pii-redaction,"scenario could not be driven to a verdict","","","","out.slice is not a function",blocked,"the harness could not exercise this path; recorded as blocked, never as a pass",P3,"","",""
core.unevaluated-337,security.pii-redaction,"scenario could not be driven to a verdict","","","","out.slice is not a function",blocked,"the harness could not exercise this path; recorded as blocked, never as a pass",P3,"","",""
core.unevaluated-338,security.pii-redaction,"scenario could not be driven to a verdict","","","","out.slice is not a function",blocked,"the harness could not exercise this path; recorded as blocked, never as a pass",P3,"","",""
core.unevaluated-339,security.pii-redaction,"scenario could not be driven to a verdict","","","","out.slice is not a function",blocked,"the harness could not exercise this path; recorded as blocked, never as a pass",P3,"","",""
core.unevaluated-340,security.pii-redaction,"scenario could not be driven to a verdict","","","","out.slice is not a function",blocked,"the harness could not exercise this path; recorded as blocked, never as a pass",P3,"","",""